category,seed,k,aggregator,model,train_label_accuracy,test_f1
granulated_sugar,0,3,Gold (upper bound),Unigram BoW + LogReg,1,0.967273
granulated_sugar,0,3,Gold (upper bound),Char n-gram(3-5) + LogReg,1,1
granulated_sugar,0,3,Majority,Unigram BoW + LogReg,0.807576,0.967972
granulated_sugar,0,3,Majority,Char n-gram(3-5) + LogReg,0.807576,0.971429
granulated_sugar,0,3,Reliability-weighted,Unigram BoW + LogReg,0.807576,0.967972
granulated_sugar,0,3,Reliability-weighted,Char n-gram(3-5) + LogReg,0.807576,0.971429
granulated_sugar,0,3,Dawid-Skene,Unigram BoW + LogReg,0.882576,0.963768
granulated_sugar,0,3,Dawid-Skene,Char n-gram(3-5) + LogReg,0.882576,0.996416
granulated_sugar,0,5,Gold (upper bound),Unigram BoW + LogReg,1,0.967273
granulated_sugar,0,5,Gold (upper bound),Char n-gram(3-5) + LogReg,1,1
granulated_sugar,0,5,Majority,Unigram BoW + LogReg,0.865152,0.956835
granulated_sugar,0,5,Majority,Char n-gram(3-5) + LogReg,0.865152,0.967509
granulated_sugar,0,5,Reliability-weighted,Unigram BoW + LogReg,0.865152,0.956835
granulated_sugar,0,5,Reliability-weighted,Char n-gram(3-5) + LogReg,0.865152,0.967509
granulated_sugar,0,5,Dawid-Skene,Unigram BoW + LogReg,0.935606,0.960854
granulated_sugar,0,5,Dawid-Skene,Char n-gram(3-5) + LogReg,0.935606,0.982079
granulated_sugar,0,7,Gold (upper bound),Unigram BoW + LogReg,1,0.967273
granulated_sugar,0,7,Gold (upper bound),Char n-gram(3-5) + LogReg,1,1
granulated_sugar,0,7,Majority,Unigram BoW + LogReg,0.894697,0.974545
granulated_sugar,0,7,Majority,Char n-gram(3-5) + LogReg,0.894697,0.996416
granulated_sugar,0,7,Reliability-weighted,Unigram BoW + LogReg,0.946212,0.978571
granulated_sugar,0,7,Reliability-weighted,Char n-gram(3-5) + LogReg,0.946212,0.992908
granulated_sugar,0,7,Dawid-Skene,Unigram BoW + LogReg,0.975,0.974359
granulated_sugar,0,7,Dawid-Skene,Char n-gram(3-5) + LogReg,0.975,1
granulated_sugar,1,3,Gold (upper bound),Unigram BoW + LogReg,1,0.945848
granulated_sugar,1,3,Gold (upper bound),Char n-gram(3-5) + LogReg,1,0.992857
granulated_sugar,1,3,Majority,Unigram BoW + LogReg,0.785606,0.942857
granulated_sugar,1,3,Majority,Char n-gram(3-5) + LogReg,0.785606,0.932862
granulated_sugar,1,3,Reliability-weighted,Unigram BoW + LogReg,0.785606,0.942857
granulated_sugar,1,3,Reliability-weighted,Char n-gram(3-5) + LogReg,0.785606,0.932862
granulated_sugar,1,3,Dawid-Skene,Unigram BoW + LogReg,0.87197,0.927536
granulated_sugar,1,3,Dawid-Skene,Char n-gram(3-5) + LogReg,0.87197,0.978723
granulated_sugar,1,5,Gold (upper bound),Unigram BoW + LogReg,1,0.945848
granulated_sugar,1,5,Gold (upper bound),Char n-gram(3-5) + LogReg,1,0.992857
granulated_sugar,1,5,Majority,Unigram BoW + LogReg,0.871212,0.944444
granulated_sugar,1,5,Majority,Char n-gram(3-5) + LogReg,0.871212,0.982332
granulated_sugar,1,5,Reliability-weighted,Unigram BoW + LogReg,0.891667,0.961404
granulated_sugar,1,5,Reliability-weighted,Char n-gram(3-5) + LogReg,0.891667,0.978873
granulated_sugar,1,5,Dawid-Skene,Unigram BoW + LogReg,0.945455,0.942857
granulated_sugar,1,5,Dawid-Skene,Char n-gram(3-5) + LogReg,0.945455,0.985816
granulated_sugar,1,7,Gold (upper bound),Unigram BoW + LogReg,1,0.945848
granulated_sugar,1,7,Gold (upper bound),Char n-gram(3-5) + LogReg,1,0.992857
granulated_sugar,1,7,Majority,Unigram BoW + LogReg,0.872727,0.905263
granulated_sugar,1,7,Majority,Char n-gram(3-5) + LogReg,0.872727,0.958042
granulated_sugar,1,7,Reliability-weighted,Unigram BoW + LogReg,0.924242,0.920415
granulated_sugar,1,7,Reliability-weighted,Char n-gram(3-5) + LogReg,0.924242,0.989399
granulated_sugar,1,7,Dawid-Skene,Unigram BoW + LogReg,0.965152,0.942446
granulated_sugar,1,7,Dawid-Skene,Char n-gram(3-5) + LogReg,0.965152,0.989324
granulated_sugar,2,3,Gold (upper bound),Unigram BoW + LogReg,1,0.940741
granulated_sugar,2,3,Gold (upper bound),Char n-gram(3-5) + LogReg,1,0.992908
granulated_sugar,2,3,Majority,Unigram BoW + LogReg,0.818182,0.935252
granulated_sugar,2,3,Majority,Char n-gram(3-5) + LogReg,0.818182,0.946996
granulated_sugar,2,3,Reliability-weighted,Unigram BoW + LogReg,0.818182,0.935252
granulated_sugar,2,3,Reliability-weighted,Char n-gram(3-5) + LogReg,0.818182,0.946996
granulated_sugar,2,3,Dawid-Skene,Unigram BoW + LogReg,0.893939,0.956204
granulated_sugar,2,3,Dawid-Skene,Char n-gram(3-5) + LogReg,0.893939,0.978723
granulated_sugar,2,5,Gold (upper bound),Unigram BoW + LogReg,1,0.940741
granulated_sugar,2,5,Gold (upper bound),Char n-gram(3-5) + LogReg,1,0.992908
granulated_sugar,2,5,Majority,Unigram BoW + LogReg,0.867424,0.967509
granulated_sugar,2,5,Majority,Char n-gram(3-5) + LogReg,0.867424,0.985915
granulated_sugar,2,5,Reliability-weighted,Unigram BoW + LogReg,0.868182,0.967509
granulated_sugar,2,5,Reliability-weighted,Char n-gram(3-5) + LogReg,0.868182,0.985915
granulated_sugar,2,5,Dawid-Skene,Unigram BoW + LogReg,0.937121,0.959707
granulated_sugar,2,5,Dawid-Skene,Char n-gram(3-5) + LogReg,0.937121,0.989399
granulated_sugar,2,7,Gold (upper bound),Unigram BoW + LogReg,1,0.940741
granulated_sugar,2,7,Gold (upper bound),Char n-gram(3-5) + LogReg,1,0.992908
granulated_sugar,2,7,Majority,Unigram BoW + LogReg,0.917424,0.944649
granulated_sugar,2,7,Majority,Char n-gram(3-5) + LogReg,0.917424,0.985714
granulated_sugar,2,7,Reliability-weighted,Unigram BoW + LogReg,0.936364,0.944649
granulated_sugar,2,7,Reliability-weighted,Char n-gram(3-5) + LogReg,0.936364,0.985714
granulated_sugar,2,7,Dawid-Skene,Unigram BoW + LogReg,0.984848,0.948529
granulated_sugar,2,7,Dawid-Skene,Char n-gram(3-5) + LogReg,0.984848,0.989324
granulated_sugar,3,3,Gold (upper bound),Unigram BoW + LogReg,1,0.967972
granulated_sugar,3,3,Gold (upper bound),Char n-gram(3-5) + LogReg,1,0.996441
granulated_sugar,3,3,Majority,Unigram BoW + LogReg,0.82197,0.960854
granulated_sugar,3,3,Majority,Char n-gram(3-5) + LogReg,0.82197,0.971223
granulated_sugar,3,3,Reliability-weighted,Unigram BoW + LogReg,0.82197,0.960854
granulated_sugar,3,3,Reliability-weighted,Char n-gram(3-5) + LogReg,0.82197,0.971223
granulated_sugar,3,3,Dawid-Skene,Unigram BoW + LogReg,0.903788,0.960854
granulated_sugar,3,3,Dawid-Skene,Char n-gram(3-5) + LogReg,0.903788,0.978417
granulated_sugar,3,5,Gold (upper bound),Unigram BoW + LogReg,1,0.967972
granulated_sugar,3,5,Gold (upper bound),Char n-gram(3-5) + LogReg,1,0.996441
granulated_sugar,3,5,Majority,Unigram BoW + LogReg,0.886364,0.967972
granulated_sugar,3,5,Majority,Char n-gram(3-5) + LogReg,0.886364,0.985816
granulated_sugar,3,5,Reliability-weighted,Unigram BoW + LogReg,0.886364,0.967972
granulated_sugar,3,5,Reliability-weighted,Char n-gram(3-5) + LogReg,0.886364,0.985816
granulated_sugar,3,5,Dawid-Skene,Unigram BoW + LogReg,0.944697,0.964539
granulated_sugar,3,5,Dawid-Skene,Char n-gram(3-5) + LogReg,0.944697,0.989399
granulated_sugar,3,7,Gold (upper bound),Unigram BoW + LogReg,1,0.967972
granulated_sugar,3,7,Gold (upper bound),Char n-gram(3-5) + LogReg,1,0.996441
granulated_sugar,3,7,Majority,Unigram BoW + LogReg,0.912121,0.950355
granulated_sugar,3,7,Majority,Char n-gram(3-5) + LogReg,0.912121,0.968198
granulated_sugar,3,7,Reliability-weighted,Unigram BoW + LogReg,0.942424,0.957447
granulated_sugar,3,7,Reliability-weighted,Char n-gram(3-5) + LogReg,0.942424,0.97491
granulated_sugar,3,7,Dawid-Skene,Unigram BoW + LogReg,0.961364,0.964286
granulated_sugar,3,7,Dawid-Skene,Char n-gram(3-5) + LogReg,0.961364,0.985714
granulated_sugar,4,3,Gold (upper bound),Unigram BoW + LogReg,1,0.967742
granulated_sugar,4,3,Gold (upper bound),Char n-gram(3-5) + LogReg,1,0.996441
granulated_sugar,4,3,Majority,Unigram BoW + LogReg,0.803788,0.960854
granulated_sugar,4,3,Majority,Char n-gram(3-5) + LogReg,0.803788,0.978873
granulated_sugar,4,3,Reliability-weighted,Unigram BoW + LogReg,0.803788,0.960854
granulated_sugar,4,3,Reliability-weighted,Char n-gram(3-5) + LogReg,0.803788,0.978873
granulated_sugar,4,3,Dawid-Skene,Unigram BoW + LogReg,0.891667,0.957143
granulated_sugar,4,3,Dawid-Skene,Char n-gram(3-5) + LogReg,0.891667,0.985816
granulated_sugar,4,5,Gold (upper bound),Unigram BoW + LogReg,1,0.967742
granulated_sugar,4,5,Gold (upper bound),Char n-gram(3-5) + LogReg,1,0.996441
granulated_sugar,4,5,Majority,Unigram BoW + LogReg,0.853788,0.964539
granulated_sugar,4,5,Majority,Char n-gram(3-5) + LogReg,0.853788,0.947735
granulated_sugar,4,5,Reliability-weighted,Unigram BoW + LogReg,0.87803,0.960573
granulated_sugar,4,5,Reliability-weighted,Char n-gram(3-5) + LogReg,0.87803,0.972028
granulated_sugar,4,5,Dawid-Skene,Unigram BoW + LogReg,0.953788,0.971429
granulated_sugar,4,5,Dawid-Skene,Char n-gram(3-5) + LogReg,0.953788,0.985612
granulated_sugar,4,7,Gold (upper bound),Unigram BoW + LogReg,1,0.967742
granulated_sugar,4,7,Gold (upper bound),Char n-gram(3-5) + LogReg,1,0.996441
granulated_sugar,4,7,Majority,Unigram BoW + LogReg,0.924242,0.975089
granulated_sugar,4,7,Majority,Char n-gram(3-5) + LogReg,0.924242,0.989324
granulated_sugar,4,7,Reliability-weighted,Unigram BoW + LogReg,0.937121,0.971631
granulated_sugar,4,7,Reliability-weighted,Char n-gram(3-5) + LogReg,0.937121,0.989324
granulated_sugar,4,7,Dawid-Skene,Unigram BoW + LogReg,0.974242,0.967509
granulated_sugar,4,7,Dawid-Skene,Char n-gram(3-5) + LogReg,0.974242,0.992857
milk,0,3,Gold (upper bound),Unigram BoW + LogReg,1,0.924242
milk,0,3,Gold (upper bound),Char n-gram(3-5) + LogReg,1,0.996416
milk,0,3,Majority,Unigram BoW + LogReg,0.818939,0.933333
milk,0,3,Majority,Char n-gram(3-5) + LogReg,0.818939,0.96
milk,0,3,Reliability-weighted,Unigram BoW + LogReg,0.818939,0.933333
milk,0,3,Reliability-weighted,Char n-gram(3-5) + LogReg,0.818939,0.96
milk,0,3,Dawid-Skene,Unigram BoW + LogReg,0.864394,0.928839
milk,0,3,Dawid-Skene,Char n-gram(3-5) + LogReg,0.864394,0.974729
milk,0,5,Gold (upper bound),Unigram BoW + LogReg,1,0.924242
milk,0,5,Gold (upper bound),Char n-gram(3-5) + LogReg,1,0.996416
milk,0,5,Majority,Unigram BoW + LogReg,0.862121,0.964029
milk,0,5,Majority,Char n-gram(3-5) + LogReg,0.862121,0.982206
milk,0,5,Reliability-weighted,Unigram BoW + LogReg,0.862121,0.964029
milk,0,5,Reliability-weighted,Char n-gram(3-5) + LogReg,0.862121,0.982206
milk,0,5,Dawid-Skene,Unigram BoW + LogReg,0.95303,0.944238
milk,0,5,Dawid-Skene,Char n-gram(3-5) + LogReg,0.95303,0.98917
milk,0,7,Gold (upper bound),Unigram BoW + LogReg,1,0.924242
milk,0,7,Gold (upper bound),Char n-gram(3-5) + LogReg,1,0.996416
milk,0,7,Majority,Unigram BoW + LogReg,0.890909,0.933333
milk,0,7,Majority,Char n-gram(3-5) + LogReg,0.890909,0.964029
milk,0,7,Reliability-weighted,Unigram BoW + LogReg,0.897727,0.933333
milk,0,7,Reliability-weighted,Char n-gram(3-5) + LogReg,0.897727,0.964029
milk,0,7,Dawid-Skene,Unigram BoW + LogReg,0.958333,0.940299
milk,0,7,Dawid-Skene,Char n-gram(3-5) + LogReg,0.958333,0.989324
milk,1,3,Gold (upper bound),Unigram BoW + LogReg,1,0.970803
milk,1,3,Gold (upper bound),Char n-gram(3-5) + LogReg,1,1
milk,1,3,Majority,Unigram BoW + LogReg,0.802273,0.963504
milk,1,3,Majority,Char n-gram(3-5) + LogReg,0.802273,0.960289
milk,1,3,Reliability-weighted,Unigram BoW + LogReg,0.802273,0.963504
milk,1,3,Reliability-weighted,Char n-gram(3-5) + LogReg,0.802273,0.960289
milk,1,3,Dawid-Skene,Unigram BoW + LogReg,0.893939,0.978261
milk,1,3,Dawid-Skene,Char n-gram(3-5) + LogReg,0.893939,0.964539
milk,1,5,Gold (upper bound),Unigram BoW + LogReg,1,0.970803
milk,1,5,Gold (upper bound),Char n-gram(3-5) + LogReg,1,1
milk,1,5,Majority,Unigram BoW + LogReg,0.85303,0.957447
milk,1,5,Majority,Char n-gram(3-5) + LogReg,0.85303,0.964789
milk,1,5,Reliability-weighted,Unigram BoW + LogReg,0.854545,0.957746
milk,1,5,Reliability-weighted,Char n-gram(3-5) + LogReg,0.854545,0.951389
milk,1,5,Dawid-Skene,Unigram BoW + LogReg,0.939394,0.971223
milk,1,5,Dawid-Skene,Char n-gram(3-5) + LogReg,0.939394,0.975439
milk,1,7,Gold (upper bound),Unigram BoW + LogReg,1,0.970803
milk,1,7,Gold (upper bound),Char n-gram(3-5) + LogReg,1,1
milk,1,7,Majority,Unigram BoW + LogReg,0.899242,0.960289
milk,1,7,Majority,Char n-gram(3-5) + LogReg,0.899242,0.97561
milk,1,7,Reliability-weighted,Unigram BoW + LogReg,0.925,0.967509
milk,1,7,Reliability-weighted,Char n-gram(3-5) + LogReg,0.925,0.985915
milk,1,7,Dawid-Skene,Unigram BoW + LogReg,0.969697,0.967509
milk,1,7,Dawid-Skene,Char n-gram(3-5) + LogReg,0.969697,0.996441
milk,2,3,Gold (upper bound),Unigram BoW + LogReg,1,0.953405
milk,2,3,Gold (upper bound),Char n-gram(3-5) + LogReg,1,0.996441
milk,2,3,Majority,Unigram BoW + LogReg,0.799242,0.954704
milk,2,3,Majority,Char n-gram(3-5) + LogReg,0.799242,0.971831
milk,2,3,Reliability-weighted,Unigram BoW + LogReg,0.799242,0.954704
milk,2,3,Reliability-weighted,Char n-gram(3-5) + LogReg,0.799242,0.971831
milk,2,3,Dawid-Skene,Unigram BoW + LogReg,0.884091,0.945055
milk,2,3,Dawid-Skene,Char n-gram(3-5) + LogReg,0.884091,0.963768
milk,2,5,Gold (upper bound),Unigram BoW + LogReg,1,0.953405
milk,2,5,Gold (upper bound),Char n-gram(3-5) + LogReg,1,0.996441
milk,2,5,Majority,Unigram BoW + LogReg,0.868182,0.950704
milk,2,5,Majority,Char n-gram(3-5) + LogReg,0.868182,0.961404
milk,2,5,Reliability-weighted,Unigram BoW + LogReg,0.868182,0.950704
milk,2,5,Reliability-weighted,Char n-gram(3-5) + LogReg,0.868182,0.961404
milk,2,5,Dawid-Skene,Unigram BoW + LogReg,0.942424,0.953069
milk,2,5,Dawid-Skene,Char n-gram(3-5) + LogReg,0.942424,0.989324
milk,2,7,Gold (upper bound),Unigram BoW + LogReg,1,0.953405
milk,2,7,Gold (upper bound),Char n-gram(3-5) + LogReg,1,0.996441
milk,2,7,Majority,Unigram BoW + LogReg,0.930303,0.951049
milk,2,7,Majority,Char n-gram(3-5) + LogReg,0.930303,0.982332
milk,2,7,Reliability-weighted,Unigram BoW + LogReg,0.949242,0.947735
milk,2,7,Reliability-weighted,Char n-gram(3-5) + LogReg,0.949242,0.985915
milk,2,7,Dawid-Skene,Unigram BoW + LogReg,0.979545,0.957447
milk,2,7,Dawid-Skene,Char n-gram(3-5) + LogReg,0.979545,0.996441
milk,3,3,Gold (upper bound),Unigram BoW + LogReg,1,0.937269
milk,3,3,Gold (upper bound),Char n-gram(3-5) + LogReg,1,0.992857
milk,3,3,Majority,Unigram BoW + LogReg,0.824242,0.938182
milk,3,3,Majority,Char n-gram(3-5) + LogReg,0.824242,0.958042
milk,3,3,Reliability-weighted,Unigram BoW + LogReg,0.824242,0.938182
milk,3,3,Reliability-weighted,Char n-gram(3-5) + LogReg,0.824242,0.958042
milk,3,3,Dawid-Skene,Unigram BoW + LogReg,0.871212,0.909091
milk,3,3,Dawid-Skene,Char n-gram(3-5) + LogReg,0.871212,0.964539
milk,3,5,Gold (upper bound),Unigram BoW + LogReg,1,0.937269
milk,3,5,Gold (upper bound),Char n-gram(3-5) + LogReg,1,0.992857
milk,3,5,Majority,Unigram BoW + LogReg,0.863636,0.9319
milk,3,5,Majority,Char n-gram(3-5) + LogReg,0.863636,0.964539
milk,3,5,Reliability-weighted,Unigram BoW + LogReg,0.891667,0.938628
milk,3,5,Reliability-weighted,Char n-gram(3-5) + LogReg,0.891667,0.960573
milk,3,5,Dawid-Skene,Unigram BoW + LogReg,0.946212,0.937269
milk,3,5,Dawid-Skene,Char n-gram(3-5) + LogReg,0.946212,0.982079
milk,3,7,Gold (upper bound),Unigram BoW + LogReg,1,0.937269
milk,3,7,Gold (upper bound),Char n-gram(3-5) + LogReg,1,0.992857
milk,3,7,Majority,Unigram BoW + LogReg,0.934091,0.945848
milk,3,7,Majority,Char n-gram(3-5) + LogReg,0.934091,0.989399
milk,3,7,Reliability-weighted,Unigram BoW + LogReg,0.94697,0.945455
milk,3,7,Reliability-weighted,Char n-gram(3-5) + LogReg,0.94697,0.989399
milk,3,7,Dawid-Skene,Unigram BoW + LogReg,0.983333,0.944238
milk,3,7,Dawid-Skene,Char n-gram(3-5) + LogReg,0.983333,0.996441
milk,4,3,Gold (upper bound),Unigram BoW + LogReg,1,0.971429
milk,4,3,Gold (upper bound),Char n-gram(3-5) + LogReg,1,1
milk,4,3,Majority,Unigram BoW + LogReg,0.828788,0.945848
milk,4,3,Majority,Char n-gram(3-5) + LogReg,0.828788,0.960573
milk,4,3,Reliability-weighted,Unigram BoW + LogReg,0.828788,0.945848
milk,4,3,Reliability-weighted,Char n-gram(3-5) + LogReg,0.828788,0.960573
milk,4,3,Dawid-Skene,Unigram BoW + LogReg,0.887879,0.956522
milk,4,3,Dawid-Skene,Char n-gram(3-5) + LogReg,0.887879,0.975265
milk,4,5,Gold (upper bound),Unigram BoW + LogReg,1,0.971429
milk,4,5,Gold (upper bound),Char n-gram(3-5) + LogReg,1,1
milk,4,5,Majority,Unigram BoW + LogReg,0.847727,0.956835
milk,4,5,Majority,Char n-gram(3-5) + LogReg,0.847727,0.961131
milk,4,5,Reliability-weighted,Unigram BoW + LogReg,0.847727,0.956835
milk,4,5,Reliability-weighted,Char n-gram(3-5) + LogReg,0.847727,0.961131
milk,4,5,Dawid-Skene,Unigram BoW + LogReg,0.940909,0.971429
milk,4,5,Dawid-Skene,Char n-gram(3-5) + LogReg,0.940909,0.985714
milk,4,7,Gold (upper bound),Unigram BoW + LogReg,1,0.971429
milk,4,7,Gold (upper bound),Char n-gram(3-5) + LogReg,1,1
milk,4,7,Majority,Unigram BoW + LogReg,0.919697,0.963504
milk,4,7,Majority,Char n-gram(3-5) + LogReg,0.919697,0.98917
milk,4,7,Reliability-weighted,Unigram BoW + LogReg,0.942424,0.941176
milk,4,7,Reliability-weighted,Char n-gram(3-5) + LogReg,0.942424,0.989247
milk,4,7,Dawid-Skene,Unigram BoW + LogReg,0.97803,0.974729
milk,4,7,Dawid-Skene,Char n-gram(3-5) + LogReg,0.97803,1
bread,0,3,Gold (upper bound),Unigram BoW + LogReg,1,0.953737
bread,0,3,Gold (upper bound),Char n-gram(3-5) + LogReg,1,0.992908
bread,0,3,Majority,Unigram BoW + LogReg,0.802273,0.922535
bread,0,3,Majority,Char n-gram(3-5) + LogReg,0.802273,0.942446
bread,0,3,Reliability-weighted,Unigram BoW + LogReg,0.802273,0.922535
bread,0,3,Reliability-weighted,Char n-gram(3-5) + LogReg,0.802273,0.942446
bread,0,3,Dawid-Skene,Unigram BoW + LogReg,0.870455,0.951389
bread,0,3,Dawid-Skene,Char n-gram(3-5) + LogReg,0.870455,0.957447
bread,0,5,Gold (upper bound),Unigram BoW + LogReg,1,0.953737
bread,0,5,Gold (upper bound),Char n-gram(3-5) + LogReg,1,0.992908
bread,0,5,Majority,Unigram BoW + LogReg,0.868939,0.931034
bread,0,5,Majority,Char n-gram(3-5) + LogReg,0.868939,0.961404
bread,0,5,Reliability-weighted,Unigram BoW + LogReg,0.868939,0.931034
bread,0,5,Reliability-weighted,Char n-gram(3-5) + LogReg,0.868939,0.961404
bread,0,5,Dawid-Skene,Unigram BoW + LogReg,0.950758,0.960573
bread,0,5,Dawid-Skene,Char n-gram(3-5) + LogReg,0.950758,0.978723
bread,0,7,Gold (upper bound),Unigram BoW + LogReg,1,0.953737
bread,0,7,Gold (upper bound),Char n-gram(3-5) + LogReg,1,0.992908
bread,0,7,Majority,Unigram BoW + LogReg,0.908333,0.954704
bread,0,7,Majority,Char n-gram(3-5) + LogReg,0.908333,0.964029
bread,0,7,Reliability-weighted,Unigram BoW + LogReg,0.940909,0.971631
bread,0,7,Reliability-weighted,Char n-gram(3-5) + LogReg,0.940909,0.971429
bread,0,7,Dawid-Skene,Unigram BoW + LogReg,0.970455,0.957447
bread,0,7,Dawid-Skene,Char n-gram(3-5) + LogReg,0.970455,0.971631
bread,1,3,Gold (upper bound),Unigram BoW + LogReg,1,0.985816
bread,1,3,Gold (upper bound),Char n-gram(3-5) + LogReg,1,0.992857
bread,1,3,Majority,Unigram BoW + LogReg,0.85303,0.968198
bread,1,3,Majority,Char n-gram(3-5) + LogReg,0.85303,0.975265
bread,1,3,Reliability-weighted,Unigram BoW + LogReg,0.85303,0.968198
bread,1,3,Reliability-weighted,Char n-gram(3-5) + LogReg,0.85303,0.975265
bread,1,3,Dawid-Skene,Unigram BoW + LogReg,0.894697,0.963768
bread,1,3,Dawid-Skene,Char n-gram(3-5) + LogReg,0.894697,0.989247
bread,1,5,Gold (upper bound),Unigram BoW + LogReg,1,0.985816
bread,1,5,Gold (upper bound),Char n-gram(3-5) + LogReg,1,0.992857
bread,1,5,Majority,Unigram BoW + LogReg,0.868182,0.957143
bread,1,5,Majority,Char n-gram(3-5) + LogReg,0.868182,0.968198
bread,1,5,Reliability-weighted,Unigram BoW + LogReg,0.870455,0.957143
bread,1,5,Reliability-weighted,Char n-gram(3-5) + LogReg,0.870455,0.968198
bread,1,5,Dawid-Skene,Unigram BoW + LogReg,0.921212,0.971831
bread,1,5,Dawid-Skene,Char n-gram(3-5) + LogReg,0.921212,0.978417
bread,1,7,Gold (upper bound),Unigram BoW + LogReg,1,0.985816
bread,1,7,Gold (upper bound),Char n-gram(3-5) + LogReg,1,0.992857
bread,1,7,Majority,Unigram BoW + LogReg,0.905303,0.982456
bread,1,7,Majority,Char n-gram(3-5) + LogReg,0.905303,0.989324
bread,1,7,Reliability-weighted,Unigram BoW + LogReg,0.905303,0.982456
bread,1,7,Reliability-weighted,Char n-gram(3-5) + LogReg,0.905303,0.989324
bread,1,7,Dawid-Skene,Unigram BoW + LogReg,0.956818,0.978723
bread,1,7,Dawid-Skene,Char n-gram(3-5) + LogReg,0.956818,0.996441
bread,2,3,Gold (upper bound),Unigram BoW + LogReg,1,0.952381
bread,2,3,Gold (upper bound),Char n-gram(3-5) + LogReg,1,0.992908
bread,2,3,Majority,Unigram BoW + LogReg,0.833333,0.932836
bread,2,3,Majority,Char n-gram(3-5) + LogReg,0.833333,0.963768
bread,2,3,Reliability-weighted,Unigram BoW + LogReg,0.833333,0.932836
bread,2,3,Reliability-weighted,Char n-gram(3-5) + LogReg,0.833333,0.963768
bread,2,3,Dawid-Skene,Unigram BoW + LogReg,0.926515,0.948905
bread,2,3,Dawid-Skene,Char n-gram(3-5) + LogReg,0.926515,0.972028
bread,2,5,Gold (upper bound),Unigram BoW + LogReg,1,0.952381
bread,2,5,Gold (upper bound),Char n-gram(3-5) + LogReg,1,0.992908
bread,2,5,Majority,Unigram BoW + LogReg,0.883333,0.960289
bread,2,5,Majority,Char n-gram(3-5) + LogReg,0.883333,0.978873
bread,2,5,Reliability-weighted,Unigram BoW + LogReg,0.883333,0.960289
bread,2,5,Reliability-weighted,Char n-gram(3-5) + LogReg,0.883333,0.978873
bread,2,5,Dawid-Skene,Unigram BoW + LogReg,0.961364,0.959707
bread,2,5,Dawid-Skene,Char n-gram(3-5) + LogReg,0.961364,0.985915
bread,2,7,Gold (upper bound),Unigram BoW + LogReg,1,0.952381
bread,2,7,Gold (upper bound),Char n-gram(3-5) + LogReg,1,0.992908
bread,2,7,Majority,Unigram BoW + LogReg,0.9,0.941176
bread,2,7,Majority,Char n-gram(3-5) + LogReg,0.9,0.978417
bread,2,7,Reliability-weighted,Unigram BoW + LogReg,0.925,0.928839
bread,2,7,Reliability-weighted,Char n-gram(3-5) + LogReg,0.925,0.971429
bread,2,7,Dawid-Skene,Unigram BoW + LogReg,0.965152,0.948529
bread,2,7,Dawid-Skene,Char n-gram(3-5) + LogReg,0.965152,0.992857
bread,3,3,Gold (upper bound),Unigram BoW + LogReg,1,0.964029
bread,3,3,Gold (upper bound),Char n-gram(3-5) + LogReg,1,0.996441
bread,3,3,Majority,Unigram BoW + LogReg,0.821212,0.928058
bread,3,3,Majority,Char n-gram(3-5) + LogReg,0.821212,0.947735
bread,3,3,Reliability-weighted,Unigram BoW + LogReg,0.822727,0.9319
bread,3,3,Reliability-weighted,Char n-gram(3-5) + LogReg,0.822727,0.947735
bread,3,3,Dawid-Skene,Unigram BoW + LogReg,0.902273,0.942857
bread,3,3,Dawid-Skene,Char n-gram(3-5) + LogReg,0.902273,0.985816
bread,3,5,Gold (upper bound),Unigram BoW + LogReg,1,0.964029
bread,3,5,Gold (upper bound),Char n-gram(3-5) + LogReg,1,0.996441
bread,3,5,Majority,Unigram BoW + LogReg,0.873485,0.957447
bread,3,5,Majority,Char n-gram(3-5) + LogReg,0.873485,0.964539
bread,3,5,Reliability-weighted,Unigram BoW + LogReg,0.873485,0.957447
bread,3,5,Reliability-weighted,Char n-gram(3-5) + LogReg,0.873485,0.964539
bread,3,5,Dawid-Skene,Unigram BoW + LogReg,0.95,0.971223
bread,3,5,Dawid-Skene,Char n-gram(3-5) + LogReg,0.95,0.985816
bread,3,7,Gold (upper bound),Unigram BoW + LogReg,1,0.964029
bread,3,7,Gold (upper bound),Char n-gram(3-5) + LogReg,1,0.996441
bread,3,7,Majority,Unigram BoW + LogReg,0.910606,0.946619
bread,3,7,Majority,Char n-gram(3-5) + LogReg,0.910606,0.978571
bread,3,7,Reliability-weighted,Unigram BoW + LogReg,0.940909,0.95
bread,3,7,Reliability-weighted,Char n-gram(3-5) + LogReg,0.940909,0.982079
bread,3,7,Dawid-Skene,Unigram BoW + LogReg,0.977273,0.963768
bread,3,7,Dawid-Skene,Char n-gram(3-5) + LogReg,0.977273,0.985816
bread,4,3,Gold (upper bound),Unigram BoW + LogReg,1,0.93617
bread,4,3,Gold (upper bound),Char n-gram(3-5) + LogReg,1,0.992908
bread,4,3,Majority,Unigram BoW + LogReg,0.816667,0.946996
bread,4,3,Majority,Char n-gram(3-5) + LogReg,0.816667,0.961131
bread,4,3,Reliability-weighted,Unigram BoW + LogReg,0.816667,0.946996
bread,4,3,Reliability-weighted,Char n-gram(3-5) + LogReg,0.816667,0.961131
bread,4,3,Dawid-Skene,Unigram BoW + LogReg,0.890909,0.916968
bread,4,3,Dawid-Skene,Char n-gram(3-5) + LogReg,0.890909,0.978571
bread,4,5,Gold (upper bound),Unigram BoW + LogReg,1,0.93617
bread,4,5,Gold (upper bound),Char n-gram(3-5) + LogReg,1,0.992908
bread,4,5,Majority,Unigram BoW + LogReg,0.869697,0.929577
bread,4,5,Majority,Char n-gram(3-5) + LogReg,0.869697,0.950704
bread,4,5,Reliability-weighted,Unigram BoW + LogReg,0.892424,0.921986
bread,4,5,Reliability-weighted,Char n-gram(3-5) + LogReg,0.892424,0.975439
bread,4,5,Dawid-Skene,Unigram BoW + LogReg,0.946212,0.93662
bread,4,5,Dawid-Skene,Char n-gram(3-5) + LogReg,0.946212,0.985915
bread,4,7,Gold (upper bound),Unigram BoW + LogReg,1,0.93617
bread,4,7,Gold (upper bound),Char n-gram(3-5) + LogReg,1,0.992908
bread,4,7,Majority,Unigram BoW + LogReg,0.900758,0.917563
bread,4,7,Majority,Char n-gram(3-5) + LogReg,0.900758,0.957746
bread,4,7,Reliability-weighted,Unigram BoW + LogReg,0.937879,0.925267
bread,4,7,Reliability-weighted,Char n-gram(3-5) + LogReg,0.937879,0.985714
bread,4,7,Dawid-Skene,Unigram BoW + LogReg,0.973485,0.935714
bread,4,7,Dawid-Skene,Char n-gram(3-5) + LogReg,0.973485,0.989399
beer,0,3,Gold (upper bound),Unigram BoW + LogReg,1,0.956522
beer,0,3,Gold (upper bound),Char n-gram(3-5) + LogReg,1,1
beer,0,3,Majority,Unigram BoW + LogReg,0.794697,0.939502
beer,0,3,Majority,Char n-gram(3-5) + LogReg,0.794697,0.939502
beer,0,3,Reliability-weighted,Unigram BoW + LogReg,0.795455,0.942857
beer,0,3,Reliability-weighted,Char n-gram(3-5) + LogReg,0.795455,0.942857
beer,0,3,Dawid-Skene,Unigram BoW + LogReg,0.85,0.960573
beer,0,3,Dawid-Skene,Char n-gram(3-5) + LogReg,0.85,0.978723
beer,0,5,Gold (upper bound),Unigram BoW + LogReg,1,0.956522
beer,0,5,Gold (upper bound),Char n-gram(3-5) + LogReg,1,1
beer,0,5,Majority,Unigram BoW + LogReg,0.881818,0.941176
beer,0,5,Majority,Char n-gram(3-5) + LogReg,0.881818,0.985714
beer,0,5,Reliability-weighted,Unigram BoW + LogReg,0.881818,0.941176
beer,0,5,Reliability-weighted,Char n-gram(3-5) + LogReg,0.881818,0.985714
beer,0,5,Dawid-Skene,Unigram BoW + LogReg,0.951515,0.948905
beer,0,5,Dawid-Skene,Char n-gram(3-5) + LogReg,0.951515,0.996416
beer,0,7,Gold (upper bound),Unigram BoW + LogReg,1,0.956522
beer,0,7,Gold (upper bound),Char n-gram(3-5) + LogReg,1,1
beer,0,7,Majority,Unigram BoW + LogReg,0.910606,0.956835
beer,0,7,Majority,Char n-gram(3-5) + LogReg,0.910606,0.985915
beer,0,7,Reliability-weighted,Unigram BoW + LogReg,0.912879,0.953405
beer,0,7,Reliability-weighted,Char n-gram(3-5) + LogReg,0.912879,0.989399
beer,0,7,Dawid-Skene,Unigram BoW + LogReg,0.969697,0.964029
beer,0,7,Dawid-Skene,Char n-gram(3-5) + LogReg,0.969697,0.989324
beer,1,3,Gold (upper bound),Unigram BoW + LogReg,1,0.975265
beer,1,3,Gold (upper bound),Char n-gram(3-5) + LogReg,1,0.996441
beer,1,3,Majority,Unigram BoW + LogReg,0.819697,0.957447
beer,1,3,Majority,Char n-gram(3-5) + LogReg,0.819697,0.954064
beer,1,3,Reliability-weighted,Unigram BoW + LogReg,0.819697,0.957447
beer,1,3,Reliability-weighted,Char n-gram(3-5) + LogReg,0.819697,0.954064
beer,1,3,Dawid-Skene,Unigram BoW + LogReg,0.878788,0.937729
beer,1,3,Dawid-Skene,Char n-gram(3-5) + LogReg,0.878788,0.956522
beer,1,5,Gold (upper bound),Unigram BoW + LogReg,1,0.975265
beer,1,5,Gold (upper bound),Char n-gram(3-5) + LogReg,1,0.996441
beer,1,5,Majority,Unigram BoW + LogReg,0.887879,0.952055
beer,1,5,Majority,Char n-gram(3-5) + LogReg,0.887879,0.968198
beer,1,5,Reliability-weighted,Unigram BoW + LogReg,0.915152,0.965517
beer,1,5,Reliability-weighted,Char n-gram(3-5) + LogReg,0.915152,0.971831
beer,1,5,Dawid-Skene,Unigram BoW + LogReg,0.948485,0.961131
beer,1,5,Dawid-Skene,Char n-gram(3-5) + LogReg,0.948485,0.989399
beer,1,7,Gold (upper bound),Unigram BoW + LogReg,1,0.975265
beer,1,7,Gold (upper bound),Char n-gram(3-5) + LogReg,1,0.996441
beer,1,7,Majority,Unigram BoW + LogReg,0.925,0.93662
beer,1,7,Majority,Char n-gram(3-5) + LogReg,0.925,0.978723
beer,1,7,Reliability-weighted,Unigram BoW + LogReg,0.936364,0.943662
beer,1,7,Reliability-weighted,Char n-gram(3-5) + LogReg,0.936364,0.985816
beer,1,7,Dawid-Skene,Unigram BoW + LogReg,0.973485,0.961131
beer,1,7,Dawid-Skene,Char n-gram(3-5) + LogReg,0.973485,0.982456
beer,2,3,Gold (upper bound),Unigram BoW + LogReg,1,0.946619
beer,2,3,Gold (upper bound),Char n-gram(3-5) + LogReg,1,0.996441
beer,2,3,Majority,Unigram BoW + LogReg,0.834848,0.933798
beer,2,3,Majority,Char n-gram(3-5) + LogReg,0.834848,0.957746
beer,2,3,Reliability-weighted,Unigram BoW + LogReg,0.834848,0.933798
beer,2,3,Reliability-weighted,Char n-gram(3-5) + LogReg,0.834848,0.957746
beer,2,3,Dawid-Skene,Unigram BoW + LogReg,0.903788,0.932862
beer,2,3,Dawid-Skene,Char n-gram(3-5) + LogReg,0.903788,0.953737
beer,2,5,Gold (upper bound),Unigram BoW + LogReg,1,0.946619
beer,2,5,Gold (upper bound),Char n-gram(3-5) + LogReg,1,0.996441
beer,2,5,Majority,Unigram BoW + LogReg,0.885606,0.940767
beer,2,5,Majority,Char n-gram(3-5) + LogReg,0.885606,0.982332
beer,2,5,Reliability-weighted,Unigram BoW + LogReg,0.906061,0.947735
beer,2,5,Reliability-weighted,Char n-gram(3-5) + LogReg,0.906061,0.982332
beer,2,5,Dawid-Skene,Unigram BoW + LogReg,0.942424,0.939502
beer,2,5,Dawid-Skene,Char n-gram(3-5) + LogReg,0.942424,0.985612
beer,2,7,Gold (upper bound),Unigram BoW + LogReg,1,0.946619
beer,2,7,Gold (upper bound),Char n-gram(3-5) + LogReg,1,0.996441
beer,2,7,Majority,Unigram BoW + LogReg,0.904545,0.943662
beer,2,7,Majority,Char n-gram(3-5) + LogReg,0.904545,0.961131
beer,2,7,Reliability-weighted,Unigram BoW + LogReg,0.940152,0.951049
beer,2,7,Reliability-weighted,Char n-gram(3-5) + LogReg,0.940152,0.985915
beer,2,7,Dawid-Skene,Unigram BoW + LogReg,0.973485,0.943662
beer,2,7,Dawid-Skene,Char n-gram(3-5) + LogReg,0.973485,0.985816
beer,3,3,Gold (upper bound),Unigram BoW + LogReg,1,0.978571
beer,3,3,Gold (upper bound),Char n-gram(3-5) + LogReg,1,1
beer,3,3,Majority,Unigram BoW + LogReg,0.836364,0.947735
beer,3,3,Majority,Char n-gram(3-5) + LogReg,0.836364,0.957746
beer,3,3,Reliability-weighted,Unigram BoW + LogReg,0.836364,0.947735
beer,3,3,Reliability-weighted,Char n-gram(3-5) + LogReg,0.836364,0.957746
beer,3,3,Dawid-Skene,Unigram BoW + LogReg,0.881061,0.942857
beer,3,3,Dawid-Skene,Char n-gram(3-5) + LogReg,0.881061,0.957447
beer,3,5,Gold (upper bound),Unigram BoW + LogReg,1,0.978571
beer,3,5,Gold (upper bound),Char n-gram(3-5) + LogReg,1,1
beer,3,5,Majority,Unigram BoW + LogReg,0.885606,0.951389
beer,3,5,Majority,Char n-gram(3-5) + LogReg,0.885606,0.982332
beer,3,5,Reliability-weighted,Unigram BoW + LogReg,0.901515,0.955017
beer,3,5,Reliability-weighted,Char n-gram(3-5) + LogReg,0.901515,0.985816
beer,3,5,Dawid-Skene,Unigram BoW + LogReg,0.956061,0.967273
beer,3,5,Dawid-Skene,Char n-gram(3-5) + LogReg,0.956061,0.989324
beer,3,7,Gold (upper bound),Unigram BoW + LogReg,1,0.978571
beer,3,7,Gold (upper bound),Char n-gram(3-5) + LogReg,1,1
beer,3,7,Majority,Unigram BoW + LogReg,0.915152,0.968198
beer,3,7,Majority,Char n-gram(3-5) + LogReg,0.915152,0.985714
beer,3,7,Reliability-weighted,Unigram BoW + LogReg,0.92803,0.964539
beer,3,7,Reliability-weighted,Char n-gram(3-5) + LogReg,0.92803,0.982206
beer,3,7,Dawid-Skene,Unigram BoW + LogReg,0.962879,0.953069
beer,3,7,Dawid-Skene,Char n-gram(3-5) + LogReg,0.962879,0.985816
beer,4,3,Gold (upper bound),Unigram BoW + LogReg,1,0.95
beer,4,3,Gold (upper bound),Char n-gram(3-5) + LogReg,1,0.989399
beer,4,3,Majority,Unigram BoW + LogReg,0.813636,0.954386
beer,4,3,Majority,Char n-gram(3-5) + LogReg,0.813636,0.953405
beer,4,3,Reliability-weighted,Unigram BoW + LogReg,0.813636,0.954386
beer,4,3,Reliability-weighted,Char n-gram(3-5) + LogReg,0.813636,0.953405
beer,4,3,Dawid-Skene,Unigram BoW + LogReg,0.876515,0.940351
beer,4,3,Dawid-Skene,Char n-gram(3-5) + LogReg,0.876515,0.961131
beer,4,5,Gold (upper bound),Unigram BoW + LogReg,1,0.95
beer,4,5,Gold (upper bound),Char n-gram(3-5) + LogReg,1,0.989399
beer,4,5,Majority,Unigram BoW + LogReg,0.865152,0.920962
beer,4,5,Majority,Char n-gram(3-5) + LogReg,0.865152,0.938628
beer,4,5,Reliability-weighted,Unigram BoW + LogReg,0.868939,0.924138
beer,4,5,Reliability-weighted,Char n-gram(3-5) + LogReg,0.868939,0.939502
beer,4,5,Dawid-Skene,Unigram BoW + LogReg,0.930303,0.954064
beer,4,5,Dawid-Skene,Char n-gram(3-5) + LogReg,0.930303,0.978873
beer,4,7,Gold (upper bound),Unigram BoW + LogReg,1,0.95
beer,4,7,Gold (upper bound),Char n-gram(3-5) + LogReg,1,0.989399
beer,4,7,Majority,Unigram BoW + LogReg,0.909091,0.948097
beer,4,7,Majority,Char n-gram(3-5) + LogReg,0.909091,0.978723
beer,4,7,Reliability-weighted,Unigram BoW + LogReg,0.925,0.944444
beer,4,7,Reliability-weighted,Char n-gram(3-5) + LogReg,0.925,0.975265
beer,4,7,Dawid-Skene,Unigram BoW + LogReg,0.967424,0.947735
beer,4,7,Dawid-Skene,Char n-gram(3-5) + LogReg,0.967424,0.979021
laundry_detergent,0,3,Gold (upper bound),Unigram BoW + LogReg,1,0.985507
laundry_detergent,0,3,Gold (upper bound),Char n-gram(3-5) + LogReg,1,1
laundry_detergent,0,3,Majority,Unigram BoW + LogReg,0.800758,0.981949
laundry_detergent,0,3,Majority,Char n-gram(3-5) + LogReg,0.800758,0.967972
laundry_detergent,0,3,Reliability-weighted,Unigram BoW + LogReg,0.800758,0.981949
laundry_detergent,0,3,Reliability-weighted,Char n-gram(3-5) + LogReg,0.800758,0.967972
laundry_detergent,0,3,Dawid-Skene,Unigram BoW + LogReg,0.863636,0.951673
laundry_detergent,0,3,Dawid-Skene,Char n-gram(3-5) + LogReg,0.863636,0.967509
laundry_detergent,0,5,Gold (upper bound),Unigram BoW + LogReg,1,0.985507
laundry_detergent,0,5,Gold (upper bound),Char n-gram(3-5) + LogReg,1,1
laundry_detergent,0,5,Majority,Unigram BoW + LogReg,0.882576,0.978102
laundry_detergent,0,5,Majority,Char n-gram(3-5) + LogReg,0.882576,0.982332
laundry_detergent,0,5,Reliability-weighted,Unigram BoW + LogReg,0.884848,0.978102
laundry_detergent,0,5,Reliability-weighted,Char n-gram(3-5) + LogReg,0.884848,0.985816
laundry_detergent,0,5,Dawid-Skene,Unigram BoW + LogReg,0.965152,0.974359
laundry_detergent,0,5,Dawid-Skene,Char n-gram(3-5) + LogReg,0.965152,1
laundry_detergent,0,7,Gold (upper bound),Unigram BoW + LogReg,1,0.985507
laundry_detergent,0,7,Gold (upper bound),Char n-gram(3-5) + LogReg,1,1
laundry_detergent,0,7,Majority,Unigram BoW + LogReg,0.915909,0.985507
laundry_detergent,0,7,Majority,Char n-gram(3-5) + LogReg,0.915909,0.989324
laundry_detergent,0,7,Reliability-weighted,Unigram BoW + LogReg,0.922727,0.985507
laundry_detergent,0,7,Reliability-weighted,Char n-gram(3-5) + LogReg,0.922727,0.992857
laundry_detergent,0,7,Dawid-Skene,Unigram BoW + LogReg,0.965152,0.978102
laundry_detergent,0,7,Dawid-Skene,Char n-gram(3-5) + LogReg,0.965152,0.996416
laundry_detergent,1,3,Gold (upper bound),Unigram BoW + LogReg,1,0.981818
laundry_detergent,1,3,Gold (upper bound),Char n-gram(3-5) + LogReg,1,1
laundry_detergent,1,3,Majority,Unigram BoW + LogReg,0.827273,0.948905
laundry_detergent,1,3,Majority,Char n-gram(3-5) + LogReg,0.827273,0.946996
laundry_detergent,1,3,Reliability-weighted,Unigram BoW + LogReg,0.827273,0.948905
laundry_detergent,1,3,Reliability-weighted,Char n-gram(3-5) + LogReg,0.827273,0.946996
laundry_detergent,1,3,Dawid-Skene,Unigram BoW + LogReg,0.888636,0.963504
laundry_detergent,1,3,Dawid-Skene,Char n-gram(3-5) + LogReg,0.888636,0.982206
laundry_detergent,1,5,Gold (upper bound),Unigram BoW + LogReg,1,0.981818
laundry_detergent,1,5,Gold (upper bound),Char n-gram(3-5) + LogReg,1,1
laundry_detergent,1,5,Majority,Unigram BoW + LogReg,0.881818,0.963235
laundry_detergent,1,5,Majority,Char n-gram(3-5) + LogReg,0.881818,0.971429
laundry_detergent,1,5,Reliability-weighted,Unigram BoW + LogReg,0.893939,0.967033
laundry_detergent,1,5,Reliability-weighted,Char n-gram(3-5) + LogReg,0.893939,0.978571
laundry_detergent,1,5,Dawid-Skene,Unigram BoW + LogReg,0.947727,0.96679
laundry_detergent,1,5,Dawid-Skene,Char n-gram(3-5) + LogReg,0.947727,0.996441
laundry_detergent,1,7,Gold (upper bound),Unigram BoW + LogReg,1,0.981818
laundry_detergent,1,7,Gold (upper bound),Char n-gram(3-5) + LogReg,1,1
laundry_detergent,1,7,Majority,Unigram BoW + LogReg,0.887121,0.955882
laundry_detergent,1,7,Majority,Char n-gram(3-5) + LogReg,0.887121,0.978417
laundry_detergent,1,7,Reliability-weighted,Unigram BoW + LogReg,0.925758,0.974359
laundry_detergent,1,7,Reliability-weighted,Char n-gram(3-5) + LogReg,0.925758,0.996441
laundry_detergent,1,7,Dawid-Skene,Unigram BoW + LogReg,0.969697,0.974545
laundry_detergent,1,7,Dawid-Skene,Char n-gram(3-5) + LogReg,0.969697,1
laundry_detergent,2,3,Gold (upper bound),Unigram BoW + LogReg,1,0.992806
laundry_detergent,2,3,Gold (upper bound),Char n-gram(3-5) + LogReg,1,1
laundry_detergent,2,3,Majority,Unigram BoW + LogReg,0.810606,0.981949
laundry_detergent,2,3,Majority,Char n-gram(3-5) + LogReg,0.810606,0.961131
laundry_detergent,2,3,Reliability-weighted,Unigram BoW + LogReg,0.811364,0.981949
laundry_detergent,2,3,Reliability-weighted,Char n-gram(3-5) + LogReg,0.811364,0.961131
laundry_detergent,2,3,Dawid-Skene,Unigram BoW + LogReg,0.890909,0.989247
laundry_detergent,2,3,Dawid-Skene,Char n-gram(3-5) + LogReg,0.890909,0.978873
laundry_detergent,2,5,Gold (upper bound),Unigram BoW + LogReg,1,0.992806
laundry_detergent,2,5,Gold (upper bound),Char n-gram(3-5) + LogReg,1,1
laundry_detergent,2,5,Majority,Unigram BoW + LogReg,0.867424,0.982079
laundry_detergent,2,5,Majority,Char n-gram(3-5) + LogReg,0.867424,0.97491
laundry_detergent,2,5,Reliability-weighted,Unigram BoW + LogReg,0.868939,0.982079
laundry_detergent,2,5,Reliability-weighted,Char n-gram(3-5) + LogReg,0.868939,0.971429
laundry_detergent,2,5,Dawid-Skene,Unigram BoW + LogReg,0.939394,0.992806
laundry_detergent,2,5,Dawid-Skene,Char n-gram(3-5) + LogReg,0.939394,0.989324
laundry_detergent,2,7,Gold (upper bound),Unigram BoW + LogReg,1,0.992806
laundry_detergent,2,7,Gold (upper bound),Char n-gram(3-5) + LogReg,1,1
laundry_detergent,2,7,Majority,Unigram BoW + LogReg,0.912121,0.989247
laundry_detergent,2,7,Majority,Char n-gram(3-5) + LogReg,0.912121,0.992908
laundry_detergent,2,7,Reliability-weighted,Unigram BoW + LogReg,0.930303,0.989247
laundry_detergent,2,7,Reliability-weighted,Char n-gram(3-5) + LogReg,0.930303,0.996441
laundry_detergent,2,7,Dawid-Skene,Unigram BoW + LogReg,0.978788,0.992806
laundry_detergent,2,7,Dawid-Skene,Char n-gram(3-5) + LogReg,0.978788,0.996441
laundry_detergent,3,3,Gold (upper bound),Unigram BoW + LogReg,1,0.978102
laundry_detergent,3,3,Gold (upper bound),Char n-gram(3-5) + LogReg,1,1
laundry_detergent,3,3,Majority,Unigram BoW + LogReg,0.833333,0.974729
laundry_detergent,3,3,Majority,Char n-gram(3-5) + LogReg,0.833333,0.960854
laundry_detergent,3,3,Reliability-weighted,Unigram BoW + LogReg,0.833333,0.974729
laundry_detergent,3,3,Reliability-weighted,Char n-gram(3-5) + LogReg,0.833333,0.960854
laundry_detergent,3,3,Dawid-Skene,Unigram BoW + LogReg,0.890909,0.96679
laundry_detergent,3,3,Dawid-Skene,Char n-gram(3-5) + LogReg,0.890909,0.978261
laundry_detergent,3,5,Gold (upper bound),Unigram BoW + LogReg,1,0.978102
laundry_detergent,3,5,Gold (upper bound),Char n-gram(3-5) + LogReg,1,1
laundry_detergent,3,5,Majority,Unigram BoW + LogReg,0.893939,0.974545
laundry_detergent,3,5,Majority,Char n-gram(3-5) + LogReg,0.893939,0.978723
laundry_detergent,3,5,Reliability-weighted,Unigram BoW + LogReg,0.912121,0.974545
laundry_detergent,3,5,Reliability-weighted,Char n-gram(3-5) + LogReg,0.912121,0.982332
laundry_detergent,3,5,Dawid-Skene,Unigram BoW + LogReg,0.954545,0.96679
laundry_detergent,3,5,Dawid-Skene,Char n-gram(3-5) + LogReg,0.954545,0.989324
laundry_detergent,3,7,Gold (upper bound),Unigram BoW + LogReg,1,0.978102
laundry_detergent,3,7,Gold (upper bound),Char n-gram(3-5) + LogReg,1,1
laundry_detergent,3,7,Majority,Unigram BoW + LogReg,0.894697,0.95941
laundry_detergent,3,7,Majority,Char n-gram(3-5) + LogReg,0.894697,0.974545
laundry_detergent,3,7,Reliability-weighted,Unigram BoW + LogReg,0.894697,0.95941
laundry_detergent,3,7,Reliability-weighted,Char n-gram(3-5) + LogReg,0.894697,0.974545
laundry_detergent,3,7,Dawid-Skene,Unigram BoW + LogReg,0.966667,0.970588
laundry_detergent,3,7,Dawid-Skene,Char n-gram(3-5) + LogReg,0.966667,1
laundry_detergent,4,3,Gold (upper bound),Unigram BoW + LogReg,1,0.98917
laundry_detergent,4,3,Gold (upper bound),Char n-gram(3-5) + LogReg,1,1
laundry_detergent,4,3,Majority,Unigram BoW + LogReg,0.812879,0.968198
laundry_detergent,4,3,Majority,Char n-gram(3-5) + LogReg,0.812879,0.947735
laundry_detergent,4,3,Reliability-weighted,Unigram BoW + LogReg,0.812879,0.968198
laundry_detergent,4,3,Reliability-weighted,Char n-gram(3-5) + LogReg,0.812879,0.947735
laundry_detergent,4,3,Dawid-Skene,Unigram BoW + LogReg,0.90303,0.978102
laundry_detergent,4,3,Dawid-Skene,Char n-gram(3-5) + LogReg,0.90303,0.985612
laundry_detergent,4,5,Gold (upper bound),Unigram BoW + LogReg,1,0.98917
laundry_detergent,4,5,Gold (upper bound),Char n-gram(3-5) + LogReg,1,1
laundry_detergent,4,5,Majority,Unigram BoW + LogReg,0.876515,0.978102
laundry_detergent,4,5,Majority,Char n-gram(3-5) + LogReg,0.876515,0.992806
laundry_detergent,4,5,Reliability-weighted,Unigram BoW + LogReg,0.894697,0.974359
laundry_detergent,4,5,Reliability-weighted,Char n-gram(3-5) + LogReg,0.894697,0.98917
laundry_detergent,4,5,Dawid-Skene,Unigram BoW + LogReg,0.952273,0.985507
laundry_detergent,4,5,Dawid-Skene,Char n-gram(3-5) + LogReg,0.952273,0.996441
laundry_detergent,4,7,Gold (upper bound),Unigram BoW + LogReg,1,0.98917
laundry_detergent,4,7,Gold (upper bound),Char n-gram(3-5) + LogReg,1,1
laundry_detergent,4,7,Majority,Unigram BoW + LogReg,0.914394,0.985612
laundry_detergent,4,7,Majority,Char n-gram(3-5) + LogReg,0.914394,0.978261
laundry_detergent,4,7,Reliability-weighted,Unigram BoW + LogReg,0.943182,0.981949
laundry_detergent,4,7,Reliability-weighted,Char n-gram(3-5) + LogReg,0.943182,1
laundry_detergent,4,7,Dawid-Skene,Unigram BoW + LogReg,0.978788,0.98917
laundry_detergent,4,7,Dawid-Skene,Char n-gram(3-5) + LogReg,0.978788,0.996416
fresh_apples,0,3,Gold (upper bound),Unigram BoW + LogReg,1,0.981818
fresh_apples,0,3,Gold (upper bound),Char n-gram(3-5) + LogReg,1,1
fresh_apples,0,3,Majority,Unigram BoW + LogReg,0.803788,0.952727
fresh_apples,0,3,Majority,Char n-gram(3-5) + LogReg,0.803788,0.95
fresh_apples,0,3,Reliability-weighted,Unigram BoW + LogReg,0.803788,0.952727
fresh_apples,0,3,Reliability-weighted,Char n-gram(3-5) + LogReg,0.803788,0.95
fresh_apples,0,3,Dawid-Skene,Unigram BoW + LogReg,0.864394,0.967742
fresh_apples,0,3,Dawid-Skene,Char n-gram(3-5) + LogReg,0.864394,0.964789
fresh_apples,0,5,Gold (upper bound),Unigram BoW + LogReg,1,0.981818
fresh_apples,0,5,Gold (upper bound),Char n-gram(3-5) + LogReg,1,1
fresh_apples,0,5,Majority,Unigram BoW + LogReg,0.866667,0.957447
fresh_apples,0,5,Majority,Char n-gram(3-5) + LogReg,0.866667,0.958621
fresh_apples,0,5,Reliability-weighted,Unigram BoW + LogReg,0.868182,0.957447
fresh_apples,0,5,Reliability-weighted,Char n-gram(3-5) + LogReg,0.868182,0.961672
fresh_apples,0,5,Dawid-Skene,Unigram BoW + LogReg,0.946212,0.978261
fresh_apples,0,5,Dawid-Skene,Char n-gram(3-5) + LogReg,0.946212,0.996441
fresh_apples,0,7,Gold (upper bound),Unigram BoW + LogReg,1,0.981818
fresh_apples,0,7,Gold (upper bound),Char n-gram(3-5) + LogReg,1,1
fresh_apples,0,7,Majority,Unigram BoW + LogReg,0.95,0.981818
fresh_apples,0,7,Majority,Char n-gram(3-5) + LogReg,0.95,0.989324
fresh_apples,0,7,Reliability-weighted,Unigram BoW + LogReg,0.952273,0.981818
fresh_apples,0,7,Reliability-weighted,Char n-gram(3-5) + LogReg,0.952273,0.989324
fresh_apples,0,7,Dawid-Skene,Unigram BoW + LogReg,0.986364,0.981818
fresh_apples,0,7,Dawid-Skene,Char n-gram(3-5) + LogReg,0.986364,0.996416
fresh_apples,1,3,Gold (upper bound),Unigram BoW + LogReg,1,0.962963
fresh_apples,1,3,Gold (upper bound),Char n-gram(3-5) + LogReg,1,1
fresh_apples,1,3,Majority,Unigram BoW + LogReg,0.79697,0.920152
fresh_apples,1,3,Majority,Char n-gram(3-5) + LogReg,0.79697,0.943262
fresh_apples,1,3,Reliability-weighted,Unigram BoW + LogReg,0.79697,0.920152
fresh_apples,1,3,Reliability-weighted,Char n-gram(3-5) + LogReg,0.79697,0.943262
fresh_apples,1,3,Dawid-Skene,Unigram BoW + LogReg,0.875758,0.928302
fresh_apples,1,3,Dawid-Skene,Char n-gram(3-5) + LogReg,0.875758,0.967509
fresh_apples,1,5,Gold (upper bound),Unigram BoW + LogReg,1,0.962963
fresh_apples,1,5,Gold (upper bound),Char n-gram(3-5) + LogReg,1,1
fresh_apples,1,5,Majority,Unigram BoW + LogReg,0.879545,0.949275
fresh_apples,1,5,Majority,Char n-gram(3-5) + LogReg,0.879545,0.968421
fresh_apples,1,5,Reliability-weighted,Unigram BoW + LogReg,0.879545,0.949275
fresh_apples,1,5,Reliability-weighted,Char n-gram(3-5) + LogReg,0.879545,0.968421
fresh_apples,1,5,Dawid-Skene,Unigram BoW + LogReg,0.931061,0.956204
fresh_apples,1,5,Dawid-Skene,Char n-gram(3-5) + LogReg,0.931061,0.982456
fresh_apples,1,7,Gold (upper bound),Unigram BoW + LogReg,1,0.962963
fresh_apples,1,7,Gold (upper bound),Char n-gram(3-5) + LogReg,1,1
fresh_apples,1,7,Majority,Unigram BoW + LogReg,0.89697,0.955556
fresh_apples,1,7,Majority,Char n-gram(3-5) + LogReg,0.89697,0.971429
fresh_apples,1,7,Reliability-weighted,Unigram BoW + LogReg,0.932576,0.955556
fresh_apples,1,7,Reliability-weighted,Char n-gram(3-5) + LogReg,0.932576,0.982079
fresh_apples,1,7,Dawid-Skene,Unigram BoW + LogReg,0.971212,0.96679
fresh_apples,1,7,Dawid-Skene,Char n-gram(3-5) + LogReg,0.971212,0.992806
fresh_apples,2,3,Gold (upper bound),Unigram BoW + LogReg,1,0.992857
fresh_apples,2,3,Gold (upper bound),Char n-gram(3-5) + LogReg,1,1
fresh_apples,2,3,Majority,Unigram BoW + LogReg,0.807576,0.965035
fresh_apples,2,3,Majority,Char n-gram(3-5) + LogReg,0.807576,0.940767
fresh_apples,2,3,Reliability-weighted,Unigram BoW + LogReg,0.807576,0.965035
fresh_apples,2,3,Reliability-weighted,Char n-gram(3-5) + LogReg,0.807576,0.940767
fresh_apples,2,3,Dawid-Skene,Unigram BoW + LogReg,0.879545,0.975439
fresh_apples,2,3,Dawid-Skene,Char n-gram(3-5) + LogReg,0.879545,0.975265
fresh_apples,2,5,Gold (upper bound),Unigram BoW + LogReg,1,0.992857
fresh_apples,2,5,Gold (upper bound),Char n-gram(3-5) + LogReg,1,1
fresh_apples,2,5,Majority,Unigram BoW + LogReg,0.889394,0.982206
fresh_apples,2,5,Majority,Char n-gram(3-5) + LogReg,0.889394,0.968421
fresh_apples,2,5,Reliability-weighted,Unigram BoW + LogReg,0.889394,0.982206
fresh_apples,2,5,Reliability-weighted,Char n-gram(3-5) + LogReg,0.889394,0.968421
fresh_apples,2,5,Dawid-Skene,Unigram BoW + LogReg,0.957576,0.996441
fresh_apples,2,5,Dawid-Skene,Char n-gram(3-5) + LogReg,0.957576,1
fresh_apples,2,7,Gold (upper bound),Unigram BoW + LogReg,1,0.992857
fresh_apples,2,7,Gold (upper bound),Char n-gram(3-5) + LogReg,1,1
fresh_apples,2,7,Majority,Unigram BoW + LogReg,0.906818,0.985816
fresh_apples,2,7,Majority,Char n-gram(3-5) + LogReg,0.906818,0.989324
fresh_apples,2,7,Reliability-weighted,Unigram BoW + LogReg,0.936364,0.978571
fresh_apples,2,7,Reliability-weighted,Char n-gram(3-5) + LogReg,0.936364,0.996441
fresh_apples,2,7,Dawid-Skene,Unigram BoW + LogReg,0.978788,0.992857
fresh_apples,2,7,Dawid-Skene,Char n-gram(3-5) + LogReg,0.978788,1
fresh_apples,3,3,Gold (upper bound),Unigram BoW + LogReg,1,0.985507
fresh_apples,3,3,Gold (upper bound),Char n-gram(3-5) + LogReg,1,1
fresh_apples,3,3,Majority,Unigram BoW + LogReg,0.800758,0.974729
fresh_apples,3,3,Majority,Char n-gram(3-5) + LogReg,0.800758,0.941176
fresh_apples,3,3,Reliability-weighted,Unigram BoW + LogReg,0.800758,0.974729
fresh_apples,3,3,Reliability-weighted,Char n-gram(3-5) + LogReg,0.800758,0.941176
fresh_apples,3,3,Dawid-Skene,Unigram BoW + LogReg,0.868182,0.967273
fresh_apples,3,3,Dawid-Skene,Char n-gram(3-5) + LogReg,0.868182,0.967972
fresh_apples,3,5,Gold (upper bound),Unigram BoW + LogReg,1,0.985507
fresh_apples,3,5,Gold (upper bound),Char n-gram(3-5) + LogReg,1,1
fresh_apples,3,5,Majority,Unigram BoW + LogReg,0.834848,0.964539
fresh_apples,3,5,Majority,Char n-gram(3-5) + LogReg,0.834848,0.947735
fresh_apples,3,5,Reliability-weighted,Unigram BoW + LogReg,0.834848,0.964539
fresh_apples,3,5,Reliability-weighted,Char n-gram(3-5) + LogReg,0.834848,0.947735
fresh_apples,3,5,Dawid-Skene,Unigram BoW + LogReg,0.927273,0.974729
fresh_apples,3,5,Dawid-Skene,Char n-gram(3-5) + LogReg,0.927273,0.992806
fresh_apples,3,7,Gold (upper bound),Unigram BoW + LogReg,1,0.985507
fresh_apples,3,7,Gold (upper bound),Char n-gram(3-5) + LogReg,1,1
fresh_apples,3,7,Majority,Unigram BoW + LogReg,0.924242,0.981818
fresh_apples,3,7,Majority,Char n-gram(3-5) + LogReg,0.924242,0.989247
fresh_apples,3,7,Reliability-weighted,Unigram BoW + LogReg,0.95303,0.978102
fresh_apples,3,7,Reliability-weighted,Char n-gram(3-5) + LogReg,0.95303,0.989247
fresh_apples,3,7,Dawid-Skene,Unigram BoW + LogReg,0.977273,0.98917
fresh_apples,3,7,Dawid-Skene,Char n-gram(3-5) + LogReg,0.977273,0.989247
fresh_apples,4,3,Gold (upper bound),Unigram BoW + LogReg,1,0.985612
fresh_apples,4,3,Gold (upper bound),Char n-gram(3-5) + LogReg,1,1
fresh_apples,4,3,Majority,Unigram BoW + LogReg,0.812121,0.94964
fresh_apples,4,3,Majority,Char n-gram(3-5) + LogReg,0.812121,0.957746
fresh_apples,4,3,Reliability-weighted,Unigram BoW + LogReg,0.812121,0.94964
fresh_apples,4,3,Reliability-weighted,Char n-gram(3-5) + LogReg,0.812121,0.957746
fresh_apples,4,3,Dawid-Skene,Unigram BoW + LogReg,0.893182,0.948148
fresh_apples,4,3,Dawid-Skene,Char n-gram(3-5) + LogReg,0.893182,0.978571
fresh_apples,4,5,Gold (upper bound),Unigram BoW + LogReg,1,0.985612
fresh_apples,4,5,Gold (upper bound),Char n-gram(3-5) + LogReg,1,1
fresh_apples,4,5,Majority,Unigram BoW + LogReg,0.87803,0.95203
fresh_apples,4,5,Majority,Char n-gram(3-5) + LogReg,0.87803,0.968198
fresh_apples,4,5,Reliability-weighted,Unigram BoW + LogReg,0.87803,0.95203
fresh_apples,4,5,Reliability-weighted,Char n-gram(3-5) + LogReg,0.87803,0.968198
fresh_apples,4,5,Dawid-Skene,Unigram BoW + LogReg,0.916667,0.96679
fresh_apples,4,5,Dawid-Skene,Char n-gram(3-5) + LogReg,0.916667,0.982079
fresh_apples,4,7,Gold (upper bound),Unigram BoW + LogReg,1,0.985612
fresh_apples,4,7,Gold (upper bound),Char n-gram(3-5) + LogReg,1,1
fresh_apples,4,7,Majority,Unigram BoW + LogReg,0.897727,0.970588
fresh_apples,4,7,Majority,Char n-gram(3-5) + LogReg,0.897727,0.971014
fresh_apples,4,7,Reliability-weighted,Unigram BoW + LogReg,0.925758,0.974359
fresh_apples,4,7,Reliability-weighted,Char n-gram(3-5) + LogReg,0.925758,0.989247
fresh_apples,4,7,Dawid-Skene,Unigram BoW + LogReg,0.962879,0.978102
fresh_apples,4,7,Dawid-Skene,Char n-gram(3-5) + LogReg,0.962879,0.985507
