category,model,accuracy_mean,accuracy_sd,precision_mean,precision_sd,recall_mean,recall_sd,f1_mean,f1_sd,train_s_mean,train_s_sd,n_epochs_mean,n_epochs_sd
granulated_sugar,Unigram BoW + LogReg,0.9648484848484848,0.009696969696969704,0.9708149340690477,0.009968306015625504,0.9457142857142857,0.022857142857142857,0.9579150618395426,0.012048469865103018,0.021932554244995118,0.006437613109541282,,
granulated_sugar,Word 1-2-gram + LogReg,0.9624242424242425,0.011594622102853929,0.9723457013128833,0.01780959045631765,0.9385714285714286,0.026572964625340378,0.9548234821450586,0.014365985750470546,0.030527496337890626,0.0040889894970914135,,
granulated_sugar,Word 1-3-gram + LogReg,0.9593939393939394,0.011751951169494153,0.9678253037485017,0.016605369420004987,0.9357142857142857,0.024327694808466267,0.9512481666298912,0.01445851528825431,0.03145112991333008,0.003754178194998637,,
granulated_sugar,Char n-gram(3-5) + LogReg,0.9963636363636363,0.0022676711434993727,0.9929176477303537,0.004454070943986159,0.9985714285714286,0.0028571428571428467,0.9957295013106325,0.0026631880696025806,0.05409030914306641,0.001268328654596663,,
granulated_sugar,BoW+MLP(256),0.9818181818181818,0.008570991287109683,0.9746136067231769,0.012050980121113955,0.9828571428571429,0.013248026422136723,0.9786562571487549,0.010018360537171042,0.9905406951904296,0.05354221757741561,,
granulated_sugar,CNN,0.9612121212121212,0.014520180061467792,0.9760943237983568,0.012798155562871132,0.9314285714285715,0.029137254363387325,0.9530255711641274,0.017950036952990356,2.1859421253204347,0.4665699627045094,53.8,2.4
granulated_sugar,LSTM,0.9587878787878787,0.01467117386292147,0.9759377264290464,0.008677645057917186,0.9257142857142858,0.03338091841585122,0.9498612345357346,0.018318324416043842,2.413363981246948,0.2575099434835007,35.6,3.6660605559646724
milk,Unigram BoW + LogReg,0.96,0.01452018006146777,0.9748274067664809,0.012324535266724631,0.9299999999999999,0.035970509462897614,0.9514296611987797,0.018540988181288676,0.026624393463134766,0.00652434161372317,,
milk,Word 1-2-gram + LogReg,0.9612121212121212,0.01513938908702642,0.9695227484933368,0.01802297176559466,0.9385714285714286,0.035742845723419445,0.9532889006313197,0.018858551936148563,0.028081989288330077,0.0018901712153104925,,
milk,Word 1-3-gram + LogReg,0.9593939393939394,0.013899812049914811,0.9681770260758105,0.020321331464162866,0.9357142857142856,0.03350296971302451,0.9511411798140053,0.017281009655739404,0.028307676315307617,0.0010200794784755733,,
milk,Char n-gram(3-5) + LogReg,0.9975757575757577,0.0022676711434993727,0.9971529888551165,0.003486899097711232,0.9971428571428571,0.0034992710611188135,0.9971428389210504,0.002672629464257825,0.05718584060668945,0.006143904497440447,,
milk,BoW+MLP(256),0.9690909090909091,0.007015658728963778,0.9568923882443305,0.017791214249402217,0.9714285714285715,0.016288220358559133,0.9638736884217295,0.008210927660493682,1.0913017749786378,0.039735312777947444,,
milk,CNN,0.9612121212121212,0.007521014330903559,0.9723146223146223,0.02938529599358118,0.9371428571428572,0.03597050946289762,0.9533452327145072,0.00986715746175264,2.1393645286560057,0.09865830565351583,57.8,2.0396078054371136
milk,LSTM,0.9606060606060606,0.008782652573448149,0.9657824247934537,0.034386847012040964,0.9428571428571428,0.03162277660168379,0.9531192965004237,0.010073812405626534,2.970472717285156,0.6340953231316265,44.4,9.850888284819801
bread,Unigram BoW + LogReg,0.9648484848484848,0.013899812049914827,0.961452683186122,0.0189198862009699,0.9557142857142858,0.021380899352993955,0.9584264399532954,0.01634279093026841,0.024230146408081056,0.005846814640732441,,
bread,Word 1-2-gram + LogReg,0.967878787878788,0.008907235428302454,0.9682949531449401,0.012913807626080307,0.9557142857142857,0.013850513878332362,0.9618905158344315,0.010516100821861815,0.023852825164794922,0.0009787457223153489,,
bread,Word 1-3-gram + LogReg,0.9660606060606061,0.009070684573997425,0.9654071813951527,0.01199446105218202,0.9542857142857143,0.013997084244475298,0.9597560407494641,0.010741979129220525,0.028383779525756835,0.001145655930413012,,
bread,Char n-gram(3-5) + LogReg,0.9945454545454545,0.00121212121212122,0.9887022846297644,0.0034131464023428454,0.9985714285714286,0.0028571428571428467,0.9936043656502503,0.0014185934286306003,0.05843048095703125,0.0015802849994072622,,
bread,BoW+MLP(256),0.9769696969696969,0.007569694543513213,0.9664515401584367,0.013174725830571896,0.9800000000000001,0.01714285714285716,0.9730194458606396,0.008923772844069523,1.0671843051910401,0.03376826533129567,,
bread,CNN,0.9636363636363635,0.006356417261637281,0.9544313440517171,0.023281778109990603,0.9614285714285714,0.030838618778461287,0.9572031843687568,0.007940375363100268,2.1385400772094725,0.14608023136097562,56.4,3.2619012860600183
bread,LSTM,0.9575757575757576,0.008131156281817419,0.9507621869975674,0.030307962099757543,0.9514285714285714,0.03974407926641017,0.9498731724660823,0.010555339885616641,2.6548770904541015,0.5329151096421125,39.6,6.468384651518491
beer,Unigram BoW + LogReg,0.9672727272727272,0.011076161746967912,0.9614914080496059,0.013049022513415703,0.9614285714285714,0.017261494247992268,0.9613954804903116,0.013109733366994676,0.019818973541259766,0.001692110129735999,,
beer,Word 1-2-gram + LogReg,0.9727272727272729,0.011338355717496812,0.9768253619684591,0.013847719156629731,0.9585714285714285,0.0193780856660722,0.9675049183525746,0.01358058836414449,0.02447066307067871,0.0009860509656786924,,
beer,Word 1-3-gram + LogReg,0.9696969696969697,0.011338355717496812,0.9712927492443499,0.017682402123423906,0.9571428571428571,0.017496355305594114,0.9640276200050094,0.013409289218118306,0.028646135330200197,0.0009706954318440362,,
beer,Char n-gram(3-5) + LogReg,0.9969696969696971,0.003319530651546442,0.9929673163715718,0.0076606094743297635,1.0,0.0,0.9964563711127598,0.003870850403863405,0.06749539375305176,0.007302718317153884,,
beer,BoW+MLP(256),0.9745454545454544,0.008265564664839915,0.9521014970748354,0.014424623626498309,0.99,0.007284313590846844,0.9706327589436874,0.009410694955760267,1.0632797718048095,0.04797968755674748,,
beer,CNN,0.9636363636363636,0.006639061303092935,0.956878301889969,0.023766922212476928,0.9585714285714285,0.02364706479606695,0.9572013564979661,0.007825583491438344,2.0593305587768556,0.07241770457503632,54.6,1.854723699099141
beer,LSTM,0.9624242424242425,0.004110503020075946,0.963482802605385,0.02352220494182383,0.9485714285714286,0.025314350209527662,0.9553660039533908,0.0051220831389565,2.5680802345275877,0.24704682741616998,38.2,4.707440918375928
laundry_detergent,Unigram BoW + LogReg,0.9878787878787879,0.00428549564355483,1.0,0.0,0.9714285714285715,0.010101525445522102,0.9854806096923904,0.0051985023019980245,0.01874079704284668,0.0007286233207402248,,
laundry_detergent,Word 1-2-gram + LogReg,0.9854545454545456,0.0072727272727272545,1.0,0.0,0.9657142857142859,0.017142857142857147,0.9824802924037958,0.008926763187194008,0.02484469413757324,0.0009311978316879745,,
laundry_detergent,Word 1-3-gram + LogReg,0.9836363636363638,0.008040302522073682,1.0,0.0,0.9614285714285715,0.01895214165917371,0.9802392672669324,0.009911599159938356,0.02892141342163086,0.0014195892953427476,,
laundry_detergent,Char n-gram(3-5) + LogReg,1.0,0.0,1.0,0.0,1.0,0.0,1.0,0.0,0.06744656562805176,0.00891591448032613,,
laundry_detergent,BoW+MLP(256),0.9903030303030302,0.0029690784761008137,0.9886814563058248,0.008426663094321761,0.9885714285714287,0.007284313590846841,0.9885759657511043,0.003475078050902988,0.9321021556854248,0.04280250132484728,,
laundry_detergent,CNN,0.983030303030303,0.005620374845754967,0.9956935817805384,0.0057247780768185635,0.9642857142857144,0.01749635530559413,0.9796071672003072,0.006997011784680702,1.8409261226654052,0.06982803316648395,49.0,2.1908902300206643
laundry_detergent,LSTM,0.9775757575757578,0.005283513870958372,0.9898413873558576,0.0072640839607202795,0.9571428571428571,0.018626292586293267,0.9730490988639252,0.006699251887642964,2.2237571239471436,0.4001565164024228,34.2,5.635601121442148
fresh_apples,Unigram BoW + LogReg,0.9848484848484848,0.008131156281817403,0.9971221532091097,0.0035247801151189113,0.9671428571428571,0.021476137683389858,0.9817514089612931,0.010053399304139485,0.018487882614135743,0.00038944284716695577,,
fresh_apples,Word 1-2-gram + LogReg,0.9854545454545454,0.008441447440717639,0.9985714285714286,0.002857142857142847,0.9671428571428571,0.021476137683389858,0.9824630418210705,0.010420675289330508,0.02369413375854492,0.000776230065144076,,
fresh_apples,Word 1-3-gram + LogReg,0.9848484848484848,0.009582659576267815,0.9985714285714286,0.002857142857142847,0.9657142857142856,0.02407471363764676,0.9816920105667677,0.011875974519509662,0.027933835983276367,0.00039940055142687926,,
fresh_apples,Char n-gram(3-5) + LogReg,1.0,0.0,1.0,0.0,1.0,0.0,1.0,0.0,0.05455012321472168,0.0009145671731879238,,
fresh_apples,BoW+MLP(256),0.9884848484848485,0.0035339102393001707,0.9858542834786521,0.009904142405262648,0.9871428571428572,0.002857142857142847,0.9864611828217816,0.004092089111809646,0.9243920326232911,0.05638077235398612,,
fresh_apples,CNN,0.9775757575757575,0.00562037484575497,0.9802786102097324,0.018729314859383388,0.9671428571428571,0.0124539969815448,0.9734496407021969,0.006463562279807042,1.846245813369751,0.08899582971948866,49.6,2.4166091947189146
fresh_apples,LSTM,0.9684848484848485,0.010942709142586533,0.9646344121619024,0.03459392078533839,0.9628571428571429,0.018294640678379572,0.9630929667602997,0.012085922332632879,2.3409265995025637,0.1433444916178734,34.8,1.8330302779823358
