category,seed,model,n_train,n_test,fit_s,predict_s,throughput_items_s,size_bytes,peak_mib,n_params,vocab_size,n_epochs
granulated_sugar,0,Unigram BoW + LogReg,1320,330,0.0351537,0.00164901,200120,6467,0.299351,269,268,
granulated_sugar,0,Word 1-2-gram + LogReg,1320,330,0.064106,0.00223385,147727,25704,0.769181,1014,1013,
granulated_sugar,0,Word 1-3-gram + LogReg,1320,330,0.0800744,0.00253522,130166,52985,1.24628,1882,1881,
granulated_sugar,0,Char n-gram(3-5) + LogReg,1320,330,0.148172,0.00766669,43043.3,37488,2.33054,2025,2024,
granulated_sugar,0,BoW+MLP(256),1320,330,1.584,0.00185158,178226,2224634,5.21736,69121,268,
granulated_sugar,0,CNN,1320,330,2.32095,0.00258138,127838,66713,0.147533,14913,270,55
granulated_sugar,0,LSTM,1320,330,3.37716,0.00380935,86628.9,142673,0.14719,33793,270,41
granulated_sugar,1,Unigram BoW + LogReg,1320,330,0.0344287,0.00146857,224708,6243,0.29533,259,258,
granulated_sugar,1,Word 1-2-gram + LogReg,1320,330,0.0574648,0.00211481,156043,25171,0.720205,993,992,
granulated_sugar,1,Word 1-3-gram + LogReg,1320,330,0.070683,0.00248785,132645,52308,1.19128,1858,1857,
granulated_sugar,1,Char n-gram(3-5) + LogReg,1320,330,0.144144,0.00698059,47273.9,36379,2.39748,1964,1963,
granulated_sugar,1,BoW+MLP(256),1320,330,1.32227,0.00187424,176071,2142620,5.03421,66561,258,
granulated_sugar,1,CNN,1320,330,2.26519,0.00237706,138827,65177,0.146447,14593,260,52
granulated_sugar,1,LSTM,1320,330,3.06534,0.00364663,90494.5,141201,0.146447,33473,260,39
granulated_sugar,2,Unigram BoW + LogReg,1320,330,0.0346109,0.00146888,224661,6403,0.296369,267,266,
granulated_sugar,2,Word 1-2-gram + LogReg,1320,330,0.057892,0.00221012,149313,26052,0.733917,1027,1026,
granulated_sugar,2,Word 1-3-gram + LogReg,1320,330,0.0713928,0.00252184,130857,54002,1.215,1915,1914,
granulated_sugar,2,Char n-gram(3-5) + LogReg,1320,330,0.142335,0.00699385,47184.3,37375,2.42175,2019,2018,
granulated_sugar,2,BoW+MLP(256),1320,330,1.4582,0.00192607,171334,2208229,5.16116,68609,266,
granulated_sugar,2,CNN,1320,330,2.3422,0.00262641,125647,66393,0.147172,14849,268,50
granulated_sugar,2,LSTM,1320,330,2.63709,0.00392514,84073.5,142353,0.147172,33729,268,32
granulated_sugar,3,Unigram BoW + LogReg,1320,330,0.0350984,0.00157004,210185,6519,0.29784,272,271,
granulated_sugar,3,Word 1-2-gram + LogReg,1320,330,0.0612663,0.00236884,139308,26183,0.735933,1034,1033,
granulated_sugar,3,Word 1-3-gram + LogReg,1320,330,0.0747715,0.0025891,127457,53821,1.21345,1914,1913,
granulated_sugar,3,Char n-gram(3-5) + LogReg,1320,330,0.151167,0.00747163,44167.1,37850,2.43699,2045,2044,
granulated_sugar,3,BoW+MLP(256),1320,330,1.49823,0.00200447,164632,2249288,5.23477,69889,271,
granulated_sugar,3,CNN,1320,330,2.56048,0.00266142,123994,67097,0.147349,15009,273,56
granulated_sugar,3,LSTM,1320,330,2.53995,0.00406872,81106.6,143121,0.147349,33889,273,33
granulated_sugar,4,Unigram BoW + LogReg,1320,330,0.038073,0.00144852,227819,6324,0.293853,263,262,
granulated_sugar,4,Word 1-2-gram + LogReg,1320,330,0.060908,0.00222668,148203,25415,0.724173,1004,1003,
granulated_sugar,4,Word 1-3-gram + LogReg,1320,330,0.07388,0.0026379,125100,52505,1.19501,1867,1866,
granulated_sugar,4,Char n-gram(3-5) + LogReg,1320,330,0.164053,0.00733538,44987.5,36808,2.40815,1988,1987,
granulated_sugar,4,BoW+MLP(256),1320,330,1.71746,0.00182053,181266,2175514,5.09312,67585,262,
granulated_sugar,4,CNN,1320,330,2.45398,0.00244711,134853,65817,0.146735,14721,264,56
granulated_sugar,4,LSTM,1320,330,2.43169,0.00369557,89296,141777,0.146735,33601,264,33
milk,0,Unigram BoW + LogReg,1320,330,0.0394928,0.0017002,194094,6411,0.294208,264,263,
milk,0,Word 1-2-gram + LogReg,1320,330,0.0642217,0.00201939,163416,24783,0.717929,989,988,
milk,0,Word 1-3-gram + LogReg,1320,330,0.0769336,0.00271431,121578,51809,1.19718,1872,1871,
milk,0,Char n-gram(3-5) + LogReg,1320,330,0.155958,0.00757361,43572.3,36646,2.32285,1978,1977,
milk,0,BoW+MLP(256),1320,330,1.89225,0.00295334,111738,2183885,5.11321,67841,263,
milk,0,CNN,1320,330,2.6084,0.00260105,126872,66009,0.147069,14753,265,60
milk,0,LSTM,1320,330,3.44237,0.00405872,81306.4,141969,0.147069,33633,265,44
milk,1,Unigram BoW + LogReg,1320,330,0.0368545,0.00149634,220539,6462,0.294499,267,266,
milk,1,Word 1-2-gram + LogReg,1320,330,0.0611909,0.00224917,146721,24617,0.715078,984,983,
milk,1,Word 1-3-gram + LogReg,1320,330,0.0778559,0.00272852,120945,51327,1.19052,1859,1858,
milk,1,Char n-gram(3-5) + LogReg,1320,330,0.153929,0.00706645,46699.5,37032,2.31154,1999,1998,
milk,1,BoW+MLP(256),1320,330,1.66932,0.0020025,164794,2208461,5.15778,68609,266,
milk,1,CNN,1320,330,2.76768,0.00273417,120695,66457,0.147164,14849,268,58
milk,1,LSTM,1320,330,2.39881,0.00498401,66211.8,142417,0.147164,33729,268,31
milk,2,Unigram BoW + LogReg,1320,330,0.0357946,0.00155768,211853,6389,0.293376,264,263,
milk,2,Word 1-2-gram + LogReg,1320,330,0.0607218,0.00230676,143057,25023,0.721637,1002,1001,
milk,2,Word 1-3-gram + LogReg,1320,330,0.0759308,0.002535,130178,52507,1.20805,1903,1902,
milk,2,Char n-gram(3-5) + LogReg,1320,330,0.14259,0.00673718,48981.9,36574,2.30751,1974,1973,
milk,2,BoW+MLP(256),1320,330,1.58049,0.00202242,163171,2183811,5.10974,67841,263,
milk,2,CNN,1320,330,2.41437,0.0025901,127408,66009,0.146992,14753,265,55
milk,2,LSTM,1320,330,3.76973,0.00392632,84048.1,141969,0.146992,33633,265,49
milk,3,Unigram BoW + LogReg,1320,330,0.0343557,0.00144399,228534,6342,0.293059,262,261,
milk,3,Word 1-2-gram + LogReg,1320,330,0.0607163,0.00215735,152965,24214,0.708975,968,967,
milk,3,Word 1-3-gram + LogReg,1320,330,0.0762835,0.002579,127956,50401,1.17759,1825,1824,
milk,3,Char n-gram(3-5) + LogReg,1320,330,0.142179,0.00708562,46573.2,36428,2.30802,1966,1965,
milk,3,BoW+MLP(256),1320,330,1.70919,0.00199729,165224,2167446,5.07952,67329,261,
milk,3,CNN,1320,330,2.65008,0.00257528,128141,65689,0.146792,14689,263,60
milk,3,LSTM,1320,330,4.74057,0.00398196,82873.7,141649,0.146844,33569,263,60
milk,4,Unigram BoW + LogReg,1320,330,0.037109,0.00153118,215520,6471,0.294891,268,267,
milk,4,Word 1-2-gram + LogReg,1320,330,0.0609267,0.00220285,149806,24953,0.720917,999,998,
milk,4,Word 1-3-gram + LogReg,1320,330,0.0751208,0.00262237,125840,51625,1.19548,1873,1872,
milk,4,Char n-gram(3-5) + LogReg,1320,330,0.144063,0.00708807,46557.1,37389,2.3247,2019,2018,
milk,4,BoW+MLP(256),1320,330,1.62376,0.0019949,165422,2216656,5.17145,68865,267,
milk,4,CNN,1320,330,2.538,0.00285324,115658,66585,0.147433,14881,269,56
milk,4,LSTM,1320,330,3.06756,0.00395603,83416.9,142545,0.147433,33761,269,38
bread,0,Unigram BoW + LogReg,1320,330,0.0428472,0.00161486,204351,7029,0.296169,286,285,
bread,0,Word 1-2-gram + LogReg,1320,330,0.0609105,0.00223504,147648,26294,0.71106,1003,1002,
bread,0,Word 1-3-gram + LogReg,1320,330,0.080626,0.00260123,126863,52661,1.15135,1805,1804,
bread,0,Char n-gram(3-5) + LogReg,1320,330,0.167885,0.00758528,43505.3,42012,2.66328,2273,2272,
bread,0,BoW+MLP(256),1320,330,1.71218,0.00198274,166436,2364426,5.44863,73473,285,
bread,0,CNN,1320,330,2.61049,0.00276686,119269,69401,0.148405,15457,287,55
bread,0,LSTM,1320,330,2.85683,0.00390255,84560.2,145361,0.148457,34337,287,35
bread,1,Unigram BoW + LogReg,1320,330,0.0387906,0.00157605,209384,7301,0.300879,298,297,
bread,1,Word 1-2-gram + LogReg,1320,330,0.0592302,0.00220805,149453,27464,0.730248,1049,1048,
bread,1,Word 1-3-gram + LogReg,1320,330,0.0718508,0.00248921,132572,53973,1.17237,1857,1856,
bread,1,Char n-gram(3-5) + LogReg,1320,330,0.156023,0.00756375,43629.1,42836,2.67543,2318,2317,
bread,1,BoW+MLP(256),1320,330,1.67363,0.00202322,163106,2462956,5.63911,76545,297,
bread,1,CNN,1320,330,2.58468,0.00295576,111646,71193,0.149221,15841,299,56
bread,1,LSTM,1320,330,3.03751,0.00558338,59104,147217,0.149221,34721,299,39
bread,2,Unigram BoW + LogReg,1320,330,0.048772,0.00138176,238825,7154,0.297759,291,290,
bread,2,Word 1-2-gram + LogReg,1320,330,0.0593978,0.00331375,99585,27177,0.725063,1036,1035,
bread,2,Word 1-3-gram + LogReg,1320,330,0.0755824,0.00233966,141046,53594,1.16531,1839,1838,
bread,2,Char n-gram(3-5) + LogReg,1320,330,0.156675,0.00737974,44717,42066,2.66339,2276,2275,
bread,2,BoW+MLP(256),1320,330,1.60259,0.00195363,168917,2405496,5.52697,74753,290,
bread,2,CNN,1320,330,2.38491,0.00271216,121674,70169,0.148948,15617,292,52
bread,2,LSTM,1320,330,3.91095,0.00386481,85385.9,146129,0.148948,34497,292,52
bread,3,Unigram BoW + LogReg,1320,330,0.0370135,0.0014484,227838,7079,0.297049,288,287,
bread,3,Word 1-2-gram + LogReg,1320,330,0.0585208,0.00225337,146448,27049,0.724489,1033,1032,
bread,3,Word 1-3-gram + LogReg,1320,330,0.0750642,0.00236539,139512,54001,1.17334,1855,1854,
bread,3,Char n-gram(3-5) + LogReg,1320,330,0.153452,0.00743335,44394.5,42200,2.66982,2284,2283,
bread,3,BoW+MLP(256),1320,330,1.6877,0.00195235,169027,2380969,5.48148,73985,287,
bread,3,CNN,1320,330,2.64344,0.00252424,130733,69721,0.148613,15521,289,57
bread,3,LSTM,1320,330,2.72169,0.00373339,88391.5,145681,0.148613,34401,289,34
bread,4,Unigram BoW + LogReg,1320,330,0.0380117,0.00151439,217910,6984,0.295681,284,283,
bread,4,Word 1-2-gram + LogReg,1320,330,0.0599838,0.00217733,151561,26509,0.715601,1014,1013,
bread,4,Word 1-3-gram + LogReg,1320,330,0.0776691,0.00251496,131215,52407,1.15093,1805,1804,
bread,4,Char n-gram(3-5) + LogReg,1320,330,0.162906,0.00759686,43439,40987,2.62368,2217,2216,
bread,4,BoW+MLP(256),1320,330,1.69883,0.00184509,178853,2348013,5.41756,72961,283,
bread,4,CNN,1320,330,2.86471,0.00273975,120449,69081,0.148285,15393,285,62
bread,4,LSTM,1320,330,3.09873,0.00416513,79229.3,145105,0.148285,34273,285,38
beer,0,Unigram BoW + LogReg,1320,330,0.0365161,0.00155671,211986,6212,0.291041,256,255,
beer,0,Word 1-2-gram + LogReg,1320,330,0.0610814,0.00233152,141538,23991,0.70181,950,949,
beer,0,Word 1-3-gram + LogReg,1320,330,0.0747112,0.0026984,122295,49524,1.15565,1772,1771,
beer,0,Char n-gram(3-5) + LogReg,1320,330,0.155122,0.0070128,47056.8,35237,2.35243,1898,1897,
beer,0,BoW+MLP(256),1320,330,1.68043,0.00193327,170696,2118186,4.98414,65793,255,
beer,0,CNN,1320,330,2.34432,0.00259093,127367,64793,0.14647,14497,257,52
beer,0,LSTM,1320,330,3.27763,0.00387275,85210.7,140753,0.14647,33377,257,42
beer,1,Unigram BoW + LogReg,1320,330,0.0363346,0.00163508,201825,6219,0.293306,257,256,
beer,1,Word 1-2-gram + LogReg,1320,330,0.0638194,0.00224316,147114,24286,0.709342,963,962,
beer,1,Word 1-3-gram + LogReg,1320,330,0.0787928,0.00278993,118283,50560,1.1747,1811,1810,
beer,1,Char n-gram(3-5) + LogReg,1320,330,0.212616,0.00710029,46477,35199,2.36379,1896,1895,
beer,1,BoW+MLP(256),1320,330,1.6389,0.00203728,161981,2126380,5.00158,66049,256,
beer,1,CNN,1320,330,2.58518,0.00267356,123431,64921,0.14643,14529,258,56
beer,1,LSTM,1320,330,2.36512,0.00359347,91833.2,140881,0.14643,33409,258,32
beer,2,Unigram BoW + LogReg,1320,330,0.0359607,0.00271576,121513,6145,0.29128,254,253,
beer,2,Word 1-2-gram + LogReg,1320,330,0.0762449,0.00259145,127342,24134,0.705754,957,956,
beer,2,Word 1-3-gram + LogReg,1320,330,0.0810875,0.00254283,129777,50128,1.16589,1794,1793,
beer,2,Char n-gram(3-5) + LogReg,1320,330,0.152449,0.00706736,46693.5,35027,2.35104,1887,1886,
beer,2,BoW+MLP(256),1320,330,1.52157,0.00198875,165933,2101726,4.95277,65281,253,
beer,2,CNN,1320,330,2.57932,0.00374348,88153.3,64473,0.146249,14433,255,57
beer,2,LSTM,1320,330,2.54365,0.00363675,90740.3,140433,0.146249,33313,255,35
beer,3,Unigram BoW + LogReg,1320,330,0.0372549,0.00145642,226583,6215,0.292548,257,256,
beer,3,Word 1-2-gram + LogReg,1320,330,0.0624268,0.00273882,120490,24112,0.705638,955,954,
beer,3,Word 1-3-gram + LogReg,1320,330,0.0813733,0.00249369,132334,50027,1.1644,1788,1787,
beer,3,Char n-gram(3-5) + LogReg,1320,330,0.155922,0.00709349,46521.5,35000,2.3556,1885,1884,
beer,3,BoW+MLP(256),1320,330,1.63619,0.00190826,172933,2126326,5.00032,66049,256,
beer,3,CNN,1320,330,2.27343,0.00262412,125756,64921,0.14647,14529,258,53
beer,3,LSTM,1320,330,3.40306,0.00401102,82273.3,140881,0.14647,33409,258,45
beer,4,Unigram BoW + LogReg,1320,330,0.0407674,0.00146881,224672,6090,0.290818,251,250,
beer,4,Word 1-2-gram + LogReg,1320,330,0.058553,0.00223269,147804,23887,0.702418,947,946,
beer,4,Word 1-3-gram + LogReg,1320,330,0.0763551,0.00258694,127564,49485,1.15769,1771,1770,
beer,4,Char n-gram(3-5) + LogReg,1320,330,0.164401,0.00725639,45477.2,34884,2.35071,1879,1878,
beer,4,BoW+MLP(256),1320,330,1.56491,0.00193573,170478,2077094,4.90925,64513,250,
beer,4,CNN,1320,330,2.41858,0.00252229,130833,64025,0.146172,14337,252,55
beer,4,LSTM,1320,330,2.92773,0.00382409,86295,139985,0.146172,33217,252,37
laundry_detergent,0,Unigram BoW + LogReg,1320,330,0.0416493,0.00181895,181423,7928,0.325341,328,327,
laundry_detergent,0,Word 1-2-gram + LogReg,1320,330,0.0617889,0.00228802,144230,31599,0.826054,1218,1217,
laundry_detergent,0,Word 1-3-gram + LogReg,1320,330,0.0796919,0.00268896,122724,63564,1.37309,2200,2199,
laundry_detergent,0,Char n-gram(3-5) + LogReg,1320,330,0.185384,0.00832271,39650.5,46696,2.81382,2533,2532,
laundry_detergent,0,BoW+MLP(256),1320,330,1.50276,0.00209161,157773,2708728,6.138,84225,327,
laundry_detergent,0,CNN,1320,330,2.5682,0.00286175,115314,75801,0.152073,16833,330,52
laundry_detergent,0,LSTM,1320,330,3.44558,0.00434827,75892.2,151825,0.152073,35713,330,41
laundry_detergent,1,Unigram BoW + LogReg,1320,330,0.0425261,0.00281431,117258,7694,0.322515,319,318,
laundry_detergent,1,Word 1-2-gram + LogReg,1320,330,0.0858227,0.00255591,129112,30775,0.813722,1188,1187,
laundry_detergent,1,Word 1-3-gram + LogReg,1320,330,0.0845523,0.00307949,107160,61730,1.34428,2141,2140,
laundry_detergent,1,Char n-gram(3-5) + LogReg,1320,330,0.184878,0.00836436,39453.1,45305,2.88271,2457,2456,
laundry_detergent,1,BoW+MLP(256),1320,330,1.49332,0.00198507,166241,2634786,5.98147,81921,318,
laundry_detergent,1,CNN,1320,330,2.27374,0.00265058,124501,74457,0.151367,16545,321,50
laundry_detergent,1,LSTM,1320,330,2.84653,0.00425113,77626.4,150417,0.151367,35425,321,30
laundry_detergent,2,Unigram BoW + LogReg,1320,330,0.038687,0.00168752,195553,7642,0.321568,317,316,
laundry_detergent,2,Word 1-2-gram + LogReg,1320,330,0.0630243,0.0024395,135274,31033,0.819437,1200,1199,
laundry_detergent,2,Word 1-3-gram + LogReg,1320,330,0.0782708,0.00279184,118202,62660,1.36169,2174,2173,
laundry_detergent,2,Char n-gram(3-5) + LogReg,1320,330,0.171993,0.00850282,38810.6,44869,2.87458,2433,2432,
laundry_detergent,2,BoW+MLP(256),1320,330,1.52148,0.00223362,147742,2618393,5.95092,81409,316,
laundry_detergent,2,CNN,1320,330,2.41579,0.00265483,124302,74265,0.151294,16513,320,50
laundry_detergent,2,LSTM,1320,330,2.35118,0.00400967,82301.1,150225,0.151294,35393,320,28
laundry_detergent,3,Unigram BoW + LogReg,1320,330,0.0399675,0.00172265,191566,7868,0.324528,325,324,
laundry_detergent,3,Word 1-2-gram + LogReg,1320,330,0.0624191,0.00244369,135042,31192,0.821126,1204,1203,
laundry_detergent,3,Word 1-3-gram + LogReg,1320,330,0.0817144,0.00273275,120757,62686,1.36246,2175,2174,
laundry_detergent,3,Char n-gram(3-5) + LogReg,1320,330,0.171682,0.00849462,38848.1,46151,2.90576,2503,2502,
laundry_detergent,3,BoW+MLP(256),1320,330,1.40368,0.00217235,151910,2684091,6.07744,83457,324,
laundry_detergent,3,CNN,1320,330,2.14458,0.00264241,124886,75545,0.151877,16769,328,46
laundry_detergent,3,LSTM,1320,330,3.10311,0.00407396,81002.3,151505,0.151877,35649,328,41
laundry_detergent,4,Unigram BoW + LogReg,1320,330,0.0423698,0.00154022,214255,7817,0.323235,323,322,
laundry_detergent,4,Word 1-2-gram + LogReg,1320,330,0.0623661,0.00229913,143532,31070,0.817443,1198,1197,
laundry_detergent,4,Word 1-3-gram + LogReg,1320,330,0.0815157,0.00259384,127225,62367,1.35284,2161,2160,
laundry_detergent,4,Char n-gram(3-5) + LogReg,1320,330,0.177789,0.00840649,39255.4,45080,2.87795,2444,2443,
laundry_detergent,4,BoW+MLP(256),1320,330,1.39275,0.00210006,157138,2667647,6.04382,82945,322,
laundry_detergent,4,CNN,1320,330,2.13542,0.00259854,126994,75225,0.151728,16705,326,47
laundry_detergent,4,LSTM,1320,330,2.52767,0.00376511,87646.8,151185,0.151728,35585,326,31
fresh_apples,0,Unigram BoW + LogReg,1320,330,0.0342693,0.00148617,222048,6975,0.307566,296,295,
fresh_apples,0,Word 1-2-gram + LogReg,1320,330,0.0593871,0.00225495,146345,28487,0.782518,1139,1138,
fresh_apples,0,Word 1-3-gram + LogReg,1320,330,0.0742154,0.0027117,121695,58395,1.30496,2097,2096,
fresh_apples,0,Char n-gram(3-5) + LogReg,1320,330,0.149513,0.00742372,44452.1,39649,2.52926,2143,2142,
fresh_apples,0,BoW+MLP(256),1320,330,1.38754,0.00220022,149985,2445987,5.61279,76033,295,
fresh_apples,0,CNN,1320,330,2.22779,0.00254399,129717,70617,0.149384,15777,297,48
fresh_apples,0,LSTM,1320,330,2.59007,0.00514174,64180.7,146577,0.149384,34657,297,33
fresh_apples,1,Unigram BoW + LogReg,1320,330,0.0409917,0.00270859,121835,7016,0.308695,298,297,
fresh_apples,1,Word 1-2-gram + LogReg,1320,330,0.0605423,0.00220761,149483,28276,0.780227,1131,1130,
fresh_apples,1,Word 1-3-gram + LogReg,1320,330,0.0731777,0.00286734,115089,58283,1.30337,2092,2091,
fresh_apples,1,Char n-gram(3-5) + LogReg,1320,330,0.146865,0.0070578,46756.8,39580,2.53352,2139,2138,
fresh_apples,1,BoW+MLP(256),1320,330,1.38139,0.00211815,155796,2462296,5.64372,76545,297,
fresh_apples,1,CNN,1320,330,2.20626,0.00258174,127821,70937,0.149382,15841,299,51
fresh_apples,1,LSTM,1320,330,2.56384,0.00372492,88592.5,146897,0.149382,34721,299,35
fresh_apples,2,Unigram BoW + LogReg,1320,330,0.0344245,0.00154628,213415,7077,0.309216,300,299,
fresh_apples,2,Word 1-2-gram + LogReg,1320,330,0.0582062,0.00229241,143953,28566,0.782776,1141,1140,
fresh_apples,2,Word 1-3-gram + LogReg,1320,330,0.0768408,0.00244592,134919,57973,1.29564,2081,2080,
fresh_apples,2,Char n-gram(3-5) + LogReg,1320,330,0.165493,0.00716523,46055.7,39921,2.54361,2158,2157,
fresh_apples,2,BoW+MLP(256),1320,330,1.45605,0.00306862,107540,2478773,5.67574,77057,299,
fresh_apples,2,CNN,1320,330,2.17783,0.00260894,126488,71257,0.149548,15905,301,53
fresh_apples,2,LSTM,1320,330,2.80267,0.0040885,80714.1,147217,0.149548,34785,301,38
fresh_apples,3,Unigram BoW + LogReg,1320,330,0.0350529,0.00148296,222528,7149,0.310552,304,303,
fresh_apples,3,Word 1-2-gram + LogReg,1320,330,0.0594364,0.00236959,139264,29193,0.794091,1166,1165,
fresh_apples,3,Word 1-3-gram + LogReg,1320,330,0.0782514,0.00291618,113162,59882,1.33097,2147,2146,
fresh_apples,3,Char n-gram(3-5) + LogReg,1320,330,0.16154,0.00753555,43792.4,40019,2.543,2163,2162,
fresh_apples,3,BoW+MLP(256),1320,330,1.37999,0.00236767,139378,2511558,5.74036,78081,303,
fresh_apples,3,CNN,1320,330,2.28873,0.00239809,137610,71833,0.149971,16033,305,50
fresh_apples,3,LSTM,1320,330,2.57991,0.00391207,84354.4,147793,0.149971,34913,305,35
fresh_apples,4,Unigram BoW + LogReg,1320,330,0.0360605,0.00159174,207321,7138,0.309692,303,302,
fresh_apples,4,Word 1-2-gram + LogReg,1320,330,0.0609695,0.00227922,144786,28847,0.787517,1152,1151,
fresh_apples,4,Word 1-3-gram + LogReg,1320,330,0.0727504,0.00252776,130550,58528,1.30578,2101,2100,
fresh_apples,4,Char n-gram(3-5) + LogReg,1320,330,0.150836,0.00729524,45235,40802,2.56247,2206,2205,
fresh_apples,4,BoW+MLP(256),1320,330,1.49809,0.00201141,164064,2503363,5.72205,77825,302,
fresh_apples,4,CNN,1320,330,2.07243,0.00242815,135906,71705,0.149862,16001,304,46
fresh_apples,4,LSTM,1320,330,2.67551,0.0054794,60225.6,147665,0.149862,34881,304,33
