category,seed,model,f1_full,f1_unseen,f1_dedup_split
granulated_sugar,0,Unigram BoW + LogReg,0.967273,0.958525,0.966942
granulated_sugar,0,Word 1-2-gram + LogReg,0.970588,0.962617,0.954357
granulated_sugar,0,Word 1-3-gram + LogReg,0.967033,0.95814,0.958333
granulated_sugar,0,Char n-gram(3-5) + LogReg,1,1,0.991935
granulated_sugar,1,Unigram BoW + LogReg,0.945848,0.932735,0.983871
granulated_sugar,1,Word 1-2-gram + LogReg,0.938628,0.923767,0.983871
granulated_sugar,1,Word 1-3-gram + LogReg,0.935252,0.919643,0.979757
granulated_sugar,1,Char n-gram(3-5) + LogReg,0.992857,0.99115,1
granulated_sugar,2,Unigram BoW + LogReg,0.940741,0.923077,0.95122
granulated_sugar,2,Word 1-2-gram + LogReg,0.93633,0.917073,0.947368
granulated_sugar,2,Word 1-3-gram + LogReg,0.932836,0.912621,0.943089
granulated_sugar,2,Char n-gram(3-5) + LogReg,0.992908,0.990909,0.995951
granulated_sugar,3,Unigram BoW + LogReg,0.967972,0.961039,0.951613
granulated_sugar,3,Word 1-2-gram + LogReg,0.964286,0.956522,0.951613
granulated_sugar,3,Word 1-3-gram + LogReg,0.964286,0.956522,0.951613
granulated_sugar,3,Char n-gram(3-5) + LogReg,0.996441,0.995671,0.995951
granulated_sugar,4,Unigram BoW + LogReg,0.967742,0.957346,0.948207
granulated_sugar,4,Word 1-2-gram + LogReg,0.964286,0.95283,0.96
granulated_sugar,4,Word 1-3-gram + LogReg,0.956835,0.942857,0.956175
granulated_sugar,4,Char n-gram(3-5) + LogReg,0.996441,0.995305,0.987854
milk,0,Unigram BoW + LogReg,0.924242,0.915556,0.959016
milk,0,Word 1-2-gram + LogReg,0.932331,0.920354,0.963265
milk,0,Word 1-3-gram + LogReg,0.932331,0.920354,0.963265
milk,0,Char n-gram(3-5) + LogReg,0.996416,0.995816,1
milk,1,Unigram BoW + LogReg,0.970803,0.962264,0.953586
milk,1,Word 1-2-gram + LogReg,0.971014,0.962617,0.94958
milk,1,Word 1-3-gram + LogReg,0.967273,0.957746,0.94958
milk,1,Char n-gram(3-5) + LogReg,1,1,1
milk,2,Unigram BoW + LogReg,0.953405,0.938967,0.95279
milk,2,Word 1-2-gram + LogReg,0.950704,0.93578,0.979424
milk,2,Word 1-3-gram + LogReg,0.947368,0.931507,0.979424
milk,2,Char n-gram(3-5) + LogReg,0.996441,0.995349,1
milk,3,Unigram BoW + LogReg,0.937269,0.919431,0.947826
milk,3,Word 1-2-gram + LogReg,0.933824,0.915094,0.957265
milk,3,Word 1-3-gram + LogReg,0.933824,0.915094,0.957265
milk,3,Char n-gram(3-5) + LogReg,0.992857,0.990909,0.995851
milk,4,Unigram BoW + LogReg,0.971429,0.964912,0.957265
milk,4,Word 1-2-gram + LogReg,0.978571,0.973684,0.966102
milk,4,Word 1-3-gram + LogReg,0.97491,0.969163,0.961702
milk,4,Char n-gram(3-5) + LogReg,1,1,1
bread,0,Unigram BoW + LogReg,0.953737,0.936585,0.957265
bread,0,Word 1-2-gram + LogReg,0.964029,0.950495,0.948718
bread,0,Word 1-3-gram + LogReg,0.960573,0.945813,0.948718
bread,0,Char n-gram(3-5) + LogReg,0.992908,0.990291,1
bread,1,Unigram BoW + LogReg,0.985816,0.984925,0.95
bread,1,Word 1-2-gram + LogReg,0.978571,0.969388,0.95
bread,1,Word 1-3-gram + LogReg,0.978571,0.969388,0.95
bread,1,Char n-gram(3-5) + LogReg,0.992857,0.989796,0.995781
bread,2,Unigram BoW + LogReg,0.952381,0.939535,0.940171
bread,2,Word 1-2-gram + LogReg,0.956204,0.944444,0.93617
bread,2,Word 1-3-gram + LogReg,0.952727,0.940092,0.93617
bread,2,Char n-gram(3-5) + LogReg,0.992908,0.991071,0.991597
bread,3,Unigram BoW + LogReg,0.964029,0.953271,0.953586
bread,3,Word 1-2-gram + LogReg,0.964029,0.953271,0.965812
bread,3,Word 1-3-gram + LogReg,0.960289,0.948357,0.965812
bread,3,Char n-gram(3-5) + LogReg,0.996441,0.995392,1
bread,4,Unigram BoW + LogReg,0.93617,0.920354,0.970213
bread,4,Word 1-2-gram + LogReg,0.946619,0.933333,0.957265
bread,4,Word 1-3-gram + LogReg,0.946619,0.933333,0.957265
bread,4,Char n-gram(3-5) + LogReg,0.992908,0.99115,1
beer,0,Unigram BoW + LogReg,0.956522,0.941748,0.961039
beer,0,Word 1-2-gram + LogReg,0.955882,0.945813,0.95614
beer,0,Word 1-3-gram + LogReg,0.955882,0.945813,0.95614
beer,0,Char n-gram(3-5) + LogReg,1,1,0.991379
beer,1,Unigram BoW + LogReg,0.975265,0.965517,0.956522
beer,1,Word 1-2-gram + LogReg,0.985714,0.98,0.960699
beer,1,Word 1-3-gram + LogReg,0.982079,0.974874,0.960699
beer,1,Char n-gram(3-5) + LogReg,0.996441,0.995025,0.995671
beer,2,Unigram BoW + LogReg,0.946619,0.928571,0.927928
beer,2,Word 1-2-gram + LogReg,0.960573,0.943005,0.923767
beer,2,Word 1-3-gram + LogReg,0.950355,0.928571,0.918919
beer,2,Char n-gram(3-5) + LogReg,0.996441,0.994872,1
beer,3,Unigram BoW + LogReg,0.978571,0.97,0.96
beer,3,Word 1-2-gram + LogReg,0.981949,0.979798,0.968889
beer,3,Word 1-3-gram + LogReg,0.978417,0.974874,0.968889
beer,3,Char n-gram(3-5) + LogReg,1,1,1
beer,4,Unigram BoW + LogReg,0.95,0.938053,0.952381
beer,4,Word 1-2-gram + LogReg,0.953405,0.942222,0.978541
beer,4,Word 1-3-gram + LogReg,0.953405,0.942222,0.978541
beer,4,Char n-gram(3-5) + LogReg,0.989399,0.9869,1
laundry_detergent,0,Unigram BoW + LogReg,0.985507,0.980392,0.995851
laundry_detergent,0,Word 1-2-gram + LogReg,0.981818,0.975369,0.995851
laundry_detergent,0,Word 1-3-gram + LogReg,0.981818,0.975369,0.995851
laundry_detergent,0,Char n-gram(3-5) + LogReg,1,1,1
laundry_detergent,1,Unigram BoW + LogReg,0.981818,0.976744,0.952381
laundry_detergent,1,Word 1-2-gram + LogReg,0.981818,0.976744,0.952381
laundry_detergent,1,Word 1-3-gram + LogReg,0.978102,0.971963,0.952381
laundry_detergent,1,Char n-gram(3-5) + LogReg,1,1,0.991667
laundry_detergent,2,Unigram BoW + LogReg,0.992806,0.990566,0.974576
laundry_detergent,2,Word 1-2-gram + LogReg,0.992806,0.990566,0.978903
laundry_detergent,2,Word 1-3-gram + LogReg,0.992806,0.990566,0.978903
laundry_detergent,2,Char n-gram(3-5) + LogReg,1,1,1
laundry_detergent,3,Unigram BoW + LogReg,0.978102,0.972222,0.978903
laundry_detergent,3,Word 1-2-gram + LogReg,0.96679,0.957746,0.970213
laundry_detergent,3,Word 1-3-gram + LogReg,0.962963,0.95283,0.970213
laundry_detergent,3,Char n-gram(3-5) + LogReg,1,1,0.995851
laundry_detergent,4,Unigram BoW + LogReg,0.98917,0.986667,0.978903
laundry_detergent,4,Word 1-2-gram + LogReg,0.98917,0.986667,0.978903
laundry_detergent,4,Word 1-3-gram + LogReg,0.985507,0.982143,0.978903
laundry_detergent,4,Char n-gram(3-5) + LogReg,1,1,1
fresh_apples,0,Unigram BoW + LogReg,0.981818,0.977169,0.962025
fresh_apples,0,Word 1-2-gram + LogReg,0.981818,0.977169,0.957627
fresh_apples,0,Word 1-3-gram + LogReg,0.981818,0.977169,0.957627
fresh_apples,0,Char n-gram(3-5) + LogReg,1,1,0.991736
fresh_apples,1,Unigram BoW + LogReg,0.962963,0.95283,0.966102
fresh_apples,1,Word 1-2-gram + LogReg,0.962963,0.95283,0.966102
fresh_apples,1,Word 1-3-gram + LogReg,0.959108,0.947867,0.966102
fresh_apples,1,Char n-gram(3-5) + LogReg,1,1,0.995918
fresh_apples,2,Unigram BoW + LogReg,0.992857,0.991379,0.97479
fresh_apples,2,Word 1-2-gram + LogReg,0.992857,0.991379,0.979079
fresh_apples,2,Word 1-3-gram + LogReg,0.992857,0.991379,0.97479
fresh_apples,2,Char n-gram(3-5) + LogReg,1,1,0.995885
fresh_apples,3,Unigram BoW + LogReg,0.985507,0.981818,0.979424
fresh_apples,3,Word 1-2-gram + LogReg,0.985507,0.981818,0.983607
fresh_apples,3,Word 1-3-gram + LogReg,0.985507,0.981818,0.979424
fresh_apples,3,Char n-gram(3-5) + LogReg,1,1,1
fresh_apples,4,Unigram BoW + LogReg,0.985612,0.982301,0.983333
fresh_apples,4,Word 1-2-gram + LogReg,0.98917,0.986667,0.979079
fresh_apples,4,Word 1-3-gram + LogReg,0.98917,0.986667,0.979079
fresh_apples,4,Char n-gram(3-5) + LogReg,1,1,0.995885
