model_a,model_b,n,mean_diff,a_wins,b_wins,ties,p_raw,p_holm
CNN,Char n-gram(3-5) + LogReg,30,-0.0348502,0,30,0,1.86265e-09,3.91155e-08
BoW+MLP(256),CNN,30,0.0145645,27,3,0,3.85568e-07,7.71135e-06
BoW+MLP(256),Char n-gram(3-5) + LogReg,30,-0.0202856,0,30,0,1.72786e-06,3.28293e-05
Char n-gram(3-5) + LogReg,LSTM,30,0.0397619,30,0,0,1.73222e-06,3.28293e-05
Char n-gram(3-5) + LogReg,Unigram BoW + LogReg,30,0.0310891,30,0,0,1.73222e-06,3.28293e-05
Char n-gram(3-5) + LogReg,Word 1-2-gram + LogReg,30,0.0300803,30,0,0,1.72786e-06,3.28293e-05
Char n-gram(3-5) + LogReg,Word 1-3-gram + LogReg,30,0.0324715,30,0,0,1.73222e-06,3.28293e-05
BoW+MLP(256),LSTM,30,0.0194763,28,2,0,5.2135e-06,7.29891e-05
BoW+MLP(256),Word 1-3-gram + LogReg,30,0.0121858,25,5,0,1.82446e-05,0.00023718
BoW+MLP(256),Unigram BoW + LogReg,30,0.0108034,25,5,0,4.0696e-05,0.000488352
Word 1-2-gram + LogReg,Word 1-3-gram + LogReg,30,0.00239114,17,0,13,0.000293053,0.00322358
BoW+MLP(256),Word 1-2-gram + LogReg,30,0.00979469,23,7,0,0.000453198,0.00453198
LSTM,Word 1-2-gram + LogReg,30,-0.00968156,9,20,1,0.00757462,0.0681716
CNN,LSTM,30,0.00491173,21,8,1,0.0159094,0.127275
LSTM,Unigram BoW + LogReg,30,-0.00867281,11,19,0,0.0174537,0.127275
LSTM,Word 1-3-gram + LogReg,30,-0.00729042,11,18,1,0.0281812,0.169087
CNN,Word 1-2-gram + LogReg,30,-0.00476983,12,17,1,0.0644891,0.322445
CNN,Unigram BoW + LogReg,30,-0.00376108,10,18,2,0.121512,0.486049
Unigram BoW + LogReg,Word 1-3-gram + LogReg,30,0.0013824,17,9,4,0.158661,0.486049
CNN,Word 1-3-gram + LogReg,30,-0.00237869,12,17,1,0.381172,0.762343
Unigram BoW + LogReg,Word 1-2-gram + LogReg,30,-0.00100875,10,12,8,0.505701,0.762343
